,Titres,Prix Broch√©,Prix Kindle,Prix Poche,Prix Reli√©,Nombre de pages Format Broch√©,Nombre de pages Format Poche,Nombre de pages Format Reli√©,Dimensions Format Broch√©,Dimensions Format Poche,Dimensions Format Reli√©,Evaluations (sur 5),Nombre d'√©valuations,Liens
0,Recettes minceur au Thermomix,"8,90",None,None,None,191,None,None,19.2 x 1.8 x 20.1 cm,None,None,"4,0",84,https://www.amazon.fr//Recettes-minceur-au-Thermomix-Collectif/dp/2263161260/ref=sr_1_17?__mk_fr_FR=%C3%85M%C3%85%C5%BD%C3%95%C3%91&dchild=1&keywords=livre+recette+minceur&qid=1618672774&s=books&sr=1-17
1,Calendrier 365 recettes l√©g√®res Marmiton - L'Ann√©e √† Bloc,"11,90",None,None,None,2809658048,None,None,11 x 4.7 x 15 cm,None,None,"4,2",30,https://www.amazon.fr//Ann%C3%A9e-Bloc-recettes-l%C3%A9g%C3%A8res-Marmiton/dp/2809658048/ref=sr_1_18?__mk_fr_FR=%C3%85M%C3%85%C5%BD%C3%95%C3%91&dchild=1&keywords=livre+recette+minceur&qid=1618672774&s=books&sr=1-18
2,Recettes light inratables au robot cuiseur !,None,"10,99",None,"15,95",None,None,208,None,None,20.2 x 2.8 x 26.7 cm,"4,4",410,https://www.amazon.fr//Recettes-light-inratables-robot-cuiseur/dp/2035967279/ref=sr_1_19?__mk_fr_FR=%C3%85M%C3%85%C5%BD%C3%95%C3%91&dchild=1&keywords=livre+recette+minceur&qid=1618672774&s=books&sr=1-19
3,"80 Recettes lights au Cook√©o: Gardez la ligne avec ces 80 recettes lights au Cookeo, sal√©es et sucr√©es. D√©couvrez-les d√®s maintenant !","9,89","4,90",None,None,88,None,None,15.24 x 0.56 x 22.86 cm,None,None,"4,2",338,https://www.amazon.fr//Recettes-lights-Cook%C3%A9o-D%C3%A9couvrez-maintenant/dp/170038919X/ref=sr_1_20?__mk_fr_FR=%C3%85M%C3%85%C5%BD%C3%95%C3%91&dchild=1&keywords=livre+recette+minceur&qid=1618672774&s=books&sr=1-20
4,Le grand livre de la cuisine saine et facile,"15,90",None,None,None,178,None,None,22.4 x 1.2 x 19.3 cm,None,None,"4,4",18,https://www.amazon.fr//grand-livre-cuisine-saine-facile/dp/B07Y9934NT/ref=sr_1_21?__mk_fr_FR=%C3%85M%C3%85%C5%BD%C3%95%C3%91&dchild=1&keywords=livre+recette+minceur&qid=1618672774&s=books&sr=1-21
5,Mon Cahier de Recettes,"9,90","5,99",None,None,224,None,None,17.1 x 1.8 x 22.1 cm,None,None,"4,4",97,https://www.amazon.fr//Mon-Cahier-Recettes-St%C3%A9phanie-JOUAN/dp/2263155848/ref=sr_1_22?__mk_fr_FR=%C3%85M%C3%85%C5%BD%C3%95%C3%91&dchild=1&keywords=livre+recette+minceur&qid=1618672774&s=books&sr=1-22
6,100 Recettes √† d√©vorer - Cuisine minceur pour les gourmands,"3,50",None,None,None,192,None,None,14.4 x 1.8 x 19.2 cm,None,None,"4,0",203,https://www.amazon.fr//100-Recettes-d%C3%A9vorer-Cuisine-gourmands/dp/2263067752/ref=sr_1_23?__mk_fr_FR=%C3%85M%C3%85%C5%BD%C3%95%C3%91&dchild=1&keywords=livre+recette+minceur&qid=1618672774&s=books&sr=1-23
7,35 recettes plaisir & minceur de bowl cakes,None,None,None,"7,95",None,None,80,None,None,17 x 0.8 x 23.5 cm,"4,6",630,https://www.amazon.fr//recettes-plaisir-minceur-bowl-cakes/dp/2035973783/ref=sr_1_24?__mk_fr_FR=%C3%85M%C3%85%C5%BD%C3%95%C3%91&dchild=1&keywords=livre+recette+minceur&qid=1618672774&s=books&sr=1-24
8,"Bowls objectif minceur: Bowl cakes, Bouddha bowls, Poke Bowls ...","14,95","10,99",None,None,112,None,None,20.4 x 1.7 x 26.8 cm,None,None,"4,5",252,https://www.amazon.fr//Bowls-objectif-minceur-cakes-Bouddha/dp/2035987431/ref=sr_1_25?__mk_fr_FR=%C3%85M%C3%85%C5%BD%C3%95%C3%91&dchild=1&keywords=livre+recette+minceur&qid=1618672774&s=books&sr=1-25
9,"Recettes Light au Thermomix: Des Recettes all√©g√©es et l√©g√®res au Thermomix, simples et fiables √† r√©aliser avec votre TM6, TM5 ou TM31.","8,94","3,90",None,None,85,None,None,15.24 x 0.51 x 22.86 cm,None,None,"3,5",32,https://www.amazon.fr//Recettes-Light-Thermomix-all%C3%A9g%C3%A9es-r%C3%A9aliser/dp/B08D4VS7PC/ref=sr_1_26?__mk_fr_FR=%C3%85M%C3%85%C5%BD%C3%95%C3%91&dchild=1&keywords=livre+recette+minceur&qid=1618672774&s=books&sr=1-26
10,La cuisine de la minceur durable,None,"15,40","22,00",None,None,223,None,None,24.5 x 1.8 x 16.5 cm,None,"4,4",205,https://www.amazon.fr//cuisine-minceur-durable-recettes-savoureuses/dp/2360981595/ref=sr_1_27?__mk_fr_FR=%C3%85M%C3%85%C5%BD%C3%95%C3%91&dchild=1&keywords=livre+recette+minceur&qid=1618672774&s=books&sr=1-27
11,"Recettes Weight Watchers: 93 recettes minceur WW, saines et d√©licieuses pour vous accompagner dans votre perte de poids.","9,89","4,90",None,None,103,None,None,15.24 x 0.66 x 22.86 cm,None,None,"3,6",62,https://www.amazon.fr//Recettes-Weight-Watchers-d%C3%A9licieuses-accompagner-ebook/dp/B087KQ3HB9/ref=sr_1_28?__mk_fr_FR=%C3%85M%C3%85%C5%BD%C3%95%C3%91&dchild=1&keywords=livre+recette+minceur&qid=1618672774&s=books&sr=1-28
12,Mes recettes healthy #2: BAM ! 80 recettes fitfightforever pour te transformer,"15,90","10,99",None,None,176,None,None,24.5 x 1.8 x 19 cm,None,None,"4,7",2040,https://www.amazon.fr//Mes-recettes-healthy-fitfightforever-transformer/dp/250115455X/ref=sr_1_29?__mk_fr_FR=%C3%85M%C3%85%C5%BD%C3%95%C3%91&dchild=1&keywords=livre+recette+minceur&qid=1618672774&s=books&sr=1-29
13,Les recettes cultes de Big Will,"19,90",None,None,None,224,None,None,20.8 x 2.4 x 25 cm,None,None,"4,6",528,https://www.amazon.fr//recettes-cultes-Big-Will/dp/2263161279/ref=sr_1_30?__mk_fr_FR=%C3%85M%C3%85%C5%BD%C3%95%C3%91&dchild=1&keywords=livre+recette+minceur&qid=1618672774&s=books&sr=1-30
14,Plats sains pr√©par√©s en moins de 10 minutes - super facile,"6,95",None,None,None,192,None,None,19.3 x 1.6 x 20.1 cm,None,None,"4,4",133,https://www.amazon.fr//Plats-sains-pr%C3%A9par%C3%A9s-moins-minutes/dp/2263159983/ref=sr_1_31?__mk_fr_FR=%C3%85M%C3%85%C5%BD%C3%95%C3%91&dchild=1&keywords=livre+recette+minceur&qid=1618672774&s=books&sr=1-31
15,Mon livre de recettes Poke Bowl | 100 recettes √† remplir: Livre de cuisine √† compl√©ter,"9,50",None,None,None,105,None,None,21.59 x 0.61 x 27.94 cm,None,None,"5,0",1,https://www.amazon.fr//livre-recettes-Poke-Bowl-remplir/dp/B08L41B4X6/ref=sr_1_32?__mk_fr_FR=%C3%85M%C3%85%C5%BD%C3%95%C3%91&dchild=1&keywords=livre+recette+minceur&qid=1618672774&s=books&sr=1-32
16,Les soupes minceur,"14,90",None,None,None,127,None,None,16.6 x 1.4 x 24 cm,None,None,"3,5",2,https://www.amazon.fr//gp/slredirect/picassoRedirect.html/ref=pa_sp_atf_next_stripbooks_sr_pg3_1?ie=UTF8&adId=A0556997VDYLSCU7TF07&url=%2Fsoupes-minceur-Philippe-Chavanne%2Fdp%2F2359345575%2Fref%3Dsr_1_33_sspa%3F__mk_fr_FR%3D%25C3%2585M%25C3%2585%25C5%25BD%25C3%2595%25C3%2591%26dchild%3D1%26keywords%3Dlivre%2Brecette%2Bminceur%26qid%3D1618672775%26s%3Dbooks%26sr%3D1-33-spons%26psc%3D1&qualifier=1618672775&id=8761095372522799&widgetName=sp_atf_next
17,"Candida Albicans - La reconna√Ætre : fatigue, surpoids, maux de ventre... Les solutions naturelles","19,90",None,None,None,184,None,None,16.5 x 1.8 x 24.1 cm,None,None,"3,9",20,https://www.amazon.fr//gp/slredirect/picassoRedirect.html/ref=pa_sp_atf_next_stripbooks_sr_pg3_1?ie=UTF8&adId=A05503777H8ZYWZQ4DKU&url=%2FCandida-Albicans-reconna%25C3%25AEtre-solutions-naturelles%2Fdp%2F2359344692%2Fref%3Dsr_1_34_sspa%3F__mk_fr_FR%3D%25C3%2585M%25C3%2585%25C5%25BD%25C3%2595%25C3%2591%26dchild%3D1%26keywords%3Dlivre%2Brecette%2Bminceur%26qid%3D1618672775%26s%3Dbooks%26sr%3D1-34-spons%26psc%3D1&qualifier=1618672775&id=8761095372522799&widgetName=sp_atf_next
18,"MES 100 RECETTES GRAINES DE CHIA MINCEUR - A compl√©ter, cuisiner et savourer: Livre de recettes √† √©crire soi-m√™me I Carnet & Cahier I Id√©e cadeau I ... I Bypass I gastroplastie I sleeve I mix√©e","9,40",None,None,None,105,None,None,21.59 x 0.69 x 27.94 cm,None,None,None,None,https://www.amazon.fr//RECETTES-GRAINES-CHIA-MINCEUR-gastroplastie/dp/B08BW8M2RQ/ref=sr_1_35?__mk_fr_FR=%C3%85M%C3%85%C5%BD%C3%95%C3%91&dchild=1&keywords=livre+recette+minceur&qid=1618672775&s=books&sr=1-35
19,Cuisine minceur - super facile,"6,95","4,49",None,None,192,None,None,19.2 x 1.9 x 20 cm,None,None,"4,4",30,https://www.amazon.fr//Cuisine-minceur-facile-V%C3%A9ronique-LIEGEOIS/dp/2263146482/ref=sr_1_36?__mk_fr_FR=%C3%85M%C3%85%C5%BD%C3%95%C3%91&dchild=1&keywords=livre+recette+minceur&qid=1618672775&s=books&sr=1-36
20,Recettes Weight Watchers: Des recettes faciles simples et √©quilibr√©es calcul√©es avec la m√©thode de points Weight Watchers.,"11,92","4,90",None,None,132,None,None,15.24 x 0.76 x 22.86 cm,None,None,"3,8",83,https://www.amazon.fr//Recettes-Weight-Watchers-%C3%A9quilibr%C3%A9es-calcul%C3%A9es/dp/B08CWM86DF/ref=sr_1_37?__mk_fr_FR=%C3%85M%C3%85%C5%BD%C3%95%C3%91&dchild=1&keywords=livre+recette+minceur&qid=1618672775&s=books&sr=1-37
21,Les Recettes faciles et l√©g√®res d'une Ex-grosse,"15,90","10,99",None,None,224,None,None,17 x 2.5 x 24 cm,None,None,"4,1",114,https://www.amazon.fr//Recettes-faciles-l%C3%A9g%C3%A8res-dune-Ex-grosse/dp/203590465X/ref=sr_1_38?__mk_fr_FR=%C3%85M%C3%85%C5%BD%C3%95%C3%91&dchild=1&keywords=livre+recette+minceur&qid=1618672775&s=books&sr=1-38
22,Le r√©gime DASH,"14,90",None,None,None,105,None,None,16.5 x 1.2 x 24.1 cm,None,None,"3,8",39,https://www.amazon.fr//gp/slredirect/picassoRedirect.html/ref=pa_sp_mtf_stripbooks_sr_pg3_1?ie=UTF8&adId=A0549785CTHEXVNE1QVC&url=%2Fr%25C3%25A9gime-DASH-Michel-Brack%2Fdp%2F2359345079%2Fref%3Dsr_1_39_sspa%3F__mk_fr_FR%3D%25C3%2585M%25C3%2585%25C5%25BD%25C3%2595%25C3%2591%26dchild%3D1%26keywords%3Dlivre%2Brecette%2Bminceur%26qid%3D1618672775%26s%3Dbooks%26sr%3D1-39-spons%26psc%3D1&qualifier=1618672775&id=8761095372522799&widgetName=sp_mtf
23,200 menus √©quilibr√©s √† moins de 2 euros,"5,90","3,99",None,None,256,None,None,14 x 1.6 x 19 cm,None,None,"4,1",193,https://www.amazon.fr//200-menus-%C3%A9quilibr%C3%A9s-moins-euros/dp/2263050035/ref=sr_1_42?__mk_fr_FR=%C3%85M%C3%85%C5%BD%C3%95%C3%91&dchild=1&keywords=livre+recette+minceur&qid=1618672775&s=books&sr=1-42
24,50 Recettes de Jus Verts pour Maigrir: Les meilleurs Jus Verts pour Perdre du Poids et am√©liorer votre Sant√©,"9,97","4,97",None,None,83,None,None,15.24 x 0.53 x 22.86 cm,None,None,"3,9",157,https://www.amazon.fr//Recettes-Jus-Verts-pour-Maigrir/dp/1973241013/ref=sr_1_43?__mk_fr_FR=%C3%85M%C3%85%C5%BD%C3%95%C3%91&dchild=1&keywords=livre+recette+minceur&qid=1618672775&s=books&sr=1-43
25,Un ventre plat en 2 semaines avec le r√©gime low carb + 50 recettes,"14,90",None,None,None,127,None,None,16.7 x 1.5 x 24.1 cm,None,None,"4,2",4,https://www.amazon.fr//gp/slredirect/picassoRedirect.html/ref=pa_sp_mtf_stripbooks_sr_pg3_1?ie=UTF8&adId=A05534853NVGTLG030WEH&url=%2Fventre-plat-semaines-r%25C3%25A9gime-recettes%2Fdp%2F2359344781%2Fref%3Dsr_1_44_sspa%3F__mk_fr_FR%3D%25C3%2585M%25C3%2585%25C5%25BD%25C3%2595%25C3%2591%26dchild%3D1%26keywords%3Dlivre%2Brecette%2Bminceur%26qid%3D1618672775%26s%3Dbooks%26sr%3D1-44-spons%26psc%3D1&qualifier=1618672775&id=8761095372522799&widgetName=sp_mtf
26,"Mes recettes l√©g√®res au Thermomix - Soupes, plats du soir mijot√©s, desserts & sauces - Les basiques √† faire avec son robot",None,"11,99",None,"16,95",None,None,256,None,None,20 x 2 x 24.5 cm,"4,2",224,https://www.amazon.fr//Mes-recettes-l%C3%A9g%C3%A8res-Thermomix-desserts/dp/2412046220/ref=sr_1_45?__mk_fr_FR=%C3%85M%C3%85%C5%BD%C3%95%C3%91&dchild=1&keywords=livre+recette+minceur&qid=1618672775&s=books&sr=1-45
27,"R√©gime C√©tog√®ne: Le Guide Complet pour Perdre du Poids, Am√©liorer votre Mode de Vie Gr√¢ce √† un Plan Alimentaire Comprenant des Recettes √† IG Bas que vous Pourrez Combiner avec le Je√ªne Intermittent","13,61","5,99",None,None,217,None,None,15.24 x 1.24 x 22.86 cm,None,None,"4,5",15,https://www.amazon.fr//R%C3%A9gime-C%C3%A9tog%C3%A8ne-Alimentaire-Comprenant-Intermittent/dp/B08DSSZFV3/ref=sr_1_46?__mk_fr_FR=%C3%85M%C3%85%C5%BD%C3%95%C3%91&dchild=1&keywords=livre+recette+minceur&qid=1618672775&s=books&sr=1-46
28,Petits plats minceur,"4,95","3,99",None,None,216,None,None,16.1 x 1.7 x 18.5 cm,None,None,"4,2",14,https://www.amazon.fr//Petits-plats-minceur-Collectif/dp/2035987512/ref=sr_1_47?__mk_fr_FR=%C3%85M%C3%85%C5%BD%C3%95%C3%91&dchild=1&keywords=livre+recette+minceur&qid=1618672775&s=books&sr=1-47
29,Bowlfood Minceur - Mes petites recettes √† index glyc√©miques bas,"14,90",None,None,None,128,None,None,16.8 x 1.3 x 24.1 cm,None,None,"3,7",17,https://www.amazon.fr//Bowlfood-Minceur-petites-recettes-glyc%C3%A9miques/dp/2359344749/ref=sr_1_48?__mk_fr_FR=%C3%85M%C3%85%C5%BD%C3%95%C3%91&dchild=1&keywords=livre+recette+minceur&qid=1618672775&s=books&sr=1-48
30,R√©gime C√©tog√®ne: Perdre jusqu‚Äô√† 10kg en quelques jours,"7,87","2,99",None,None,58,None,None,12.7 x 0.36 x 20.32 cm,None,None,"3,2",109,https://www.amazon.fr//gp/slredirect/picassoRedirect.html/ref=pa_sp_mtf_stripbooks_sr_pg3_1?ie=UTF8&adId=A026254834VHE5WAX6WDJ&url=%2FR%25C3%25A9gime-C%25C3%25A9tog%25C3%25A8ne-Perdre-jusqu%25C3%25A0-quelques%2Fdp%2F1975650492%2Fref%3Dsr_1_49_sspa%3F__mk_fr_FR%3D%25C3%2585M%25C3%2585%25C5%25BD%25C3%2595%25C3%2591%26dchild%3D1%26keywords%3Dlivre%2Brecette%2Bminceur%26qid%3D1618672775%26s%3Dbooks%26sr%3D1-49-spons%26psc%3D1&qualifier=1618672775&id=8761095372522799&widgetName=sp_mtf
31,"Recettes c√©tog√®ne: 77 recettes d√©licieuses ‚Äì Petit-d√©jeuner, d√©jeuner, d√Æner, smoothies, desserts","6,98","2,99",None,None,142,None,None,12.7 x 0.81 x 20.32 cm,None,None,"3,8",401,https://www.amazon.fr//Recettes-c%C3%A9tog%C3%A8ne-d%C3%A9licieuses-Petit-d%C3%A9jeuner-smoothies/dp/1975651472/ref=sr_1_50?__mk_fr_FR=%C3%85M%C3%85%C5%BD%C3%95%C3%91&dchild=1&keywords=livre+recette+minceur&qid=1618672775&s=books&sr=1-50
32,Les Recettes du r√©gime IG,"14,90","9,99",None,None,224,None,None,17 x 1.7 x 23.1 cm,None,None,"4,2",93,https://www.amazon.fr//Recettes-du-r%C3%A9gime-IG/dp/2365490956/ref=sr_1_51?__mk_fr_FR=%C3%85M%C3%85%C5%BD%C3%95%C3%91&dchild=1&keywords=livre+recette+minceur&qid=1618672775&s=books&sr=1-51
33,Mincir sainement avec le r√©gime Okinawa: Les secrets pour vivre en forme jusqu'√† 100 ans et plus - Inclus 21 recettes minceur,"8,99","4,99",None,None,142,None,None,15.24 x 0.81 x 22.86 cm,None,None,"3,9",105,https://www.amazon.fr//Mincir-sainement-avec-r%C3%A9gime-Okinawa/dp/1533650438/ref=sr_1_52?__mk_fr_FR=%C3%85M%C3%85%C5%BD%C3%95%C3%91&dchild=1&keywords=livre+recette+minceur&qid=1618672775&s=books&sr=1-52
34,Mes recettes d√©tox super gourmandes,None,None,"12,00",None,None,119,None,None,21 x 1.2 x 21 cm,None,"4,2",75,https://www.amazon.fr//Mes-recettes-d%C3%A9tox-super-gourmandes/dp/2360981501/ref=sr_1_53?__mk_fr_FR=%C3%85M%C3%85%C5%BD%C3%95%C3%91&dchild=1&keywords=livre+recette+minceur&qid=1618672775&s=books&sr=1-53
35,Aliments √† calories n√©gatives & autres ingr√©dients minceur,"9,95",None,None,None,128,None,None,17 x 1.2 x 23.5 cm,None,None,"4,3",42,https://www.amazon.fr//Aliments-calories-n%C3%A9gatives-ingr%C3%A9dients-minceur/dp/2035945143/ref=sr_1_51?__mk_fr_FR=%C3%85M%C3%85%C5%BD%C3%95%C3%91&dchild=1&keywords=livre+recette+minceur&qid=1618672776&s=books&sr=1-51
36,Mes petits bowl cakes minceur,None,None,None,"12,90",None,None,112,None,None,19.5 x 1.2 x 26 cm,"4,6",214,https://www.amazon.fr//Mes-petits-bowl-cakes-minceur/dp/2035987350/ref=sr_1_52?__mk_fr_FR=%C3%85M%C3%85%C5%BD%C3%95%C3%91&dchild=1&keywords=livre+recette+minceur&qid=1618672776&s=books&sr=1-52
37,"LE R√âGIME ANTI-INFLAMMATOIRE: Programme de 10 semaines et plus de 200 recettes de gu√©rison pour lutter contre l'inflammation et renforcer votre syst√®me immunitaire, du petit-d√©jeuner au d√Æner","15,81","7,97",None,None,149,None,None,20.32 x 0.86 x 25.4 cm,None,None,"3,5",16,https://www.amazon.fr//R%C3%89GIME-ANTI-INFLAMMATOIRE-linflammation-immunitaire-petit-d%C3%A9jeuner/dp/B08W7SQGCG/ref=sr_1_53?__mk_fr_FR=%C3%85M%C3%85%C5%BD%C3%95%C3%91&dchild=1&keywords=livre+recette+minceur&qid=1618672776&s=books&sr=1-53
38,"Mon planificateur de menus: Organise, suis et planifie tes menus de la semaine : Un journal, carnet de bord, agenda et suivi alimentaire sur 52 ... de courses : Couverture de l√©gumes 2148","5,99",None,None,None,108,None,None,19.05 x 0.64 x 23.5 cm,None,None,"4,4",460,https://www.amazon.fr//Mon-planificateur-menus-alimentaire-Couverture/dp/1700812149/ref=sr_1_54?__mk_fr_FR=%C3%85M%C3%85%C5%BD%C3%95%C3%91&dchild=1&keywords=livre+recette+minceur&qid=1618672776&s=books&sr=1-54
39,SMOOTHIES POUR PERDRE DU POIDS : 37 RECETTES FACILES POUR PERDRE DU POIDS EN SE FAISANT PLAISIR,"7,91","2,99",None,None,124,None,None,15.24 x 0.79 x 22.86 cm,None,None,"3,7",44,https://www.amazon.fr//SMOOTHIES-POUR-PERDRE-DU-POIDS/dp/B086Y4DX76/ref=sr_1_55?__mk_fr_FR=%C3%85M%C3%85%C5%BD%C3%95%C3%91&dchild=1&keywords=livre+recette+minceur&qid=1618672776&s=books&sr=1-55
40,En 2H je cuisine light pour toute la semaine,"19,95","14,99",None,None,256,None,None,19.7 x 2.8 x 25 cm,None,None,"4,3",937,https://www.amazon.fr//cuisine-light-pour-toute-semaine/dp/2017059757/ref=sr_1_56?__mk_fr_FR=%C3%85M%C3%85%C5%BD%C3%95%C3%91&dchild=1&keywords=livre+recette+minceur&qid=1618672776&s=books&sr=1-56
41,Ma cuisine au robot-cuiseur - 150 recettes faciles et rapides,"7,95",None,None,None,192,None,None,17.1 x 1.9 x 17.2 cm,None,None,"4,4",761,https://www.amazon.fr//Ma-cuisine-robot-cuiseur-recettes-faciles/dp/2412028184/ref=sr_1_57?__mk_fr_FR=%C3%85M%C3%85%C5%BD%C3%95%C3%91&dchild=1&keywords=livre+recette+minceur&qid=1618672776&s=books&sr=1-57
42,AGENDA R√©√©quilibrage Alimentaire: 90 jours de suivi avec bilans mensuels - Prises de mensurations - Recettes Healthy - Planificateurs de repas avec ... courses int√©gr√©e ! | Format poche | 128 pages,"5,99",None,None,None,130,None,None,15.24 x 0.76 x 22.86 cm,None,None,"3,5",5,https://www.amazon.fr//AGENDA-R%C3%A9%C3%A9quilibrage-Alimentaire-mensurations-Planificateurs/dp/B08WJZD84F/ref=sr_1_58?__mk_fr_FR=%C3%85M%C3%85%C5%BD%C3%95%C3%91&dchild=1&keywords=livre+recette+minceur&qid=1618672776&s=books&sr=1-58
43,"Agenda Minceur 90 Jours: Journal Alimentaire et d‚Äôactivit√© Sportive √† Compl√©ter | Cahier de Suivi R√©gime (Mensurations, Imc, Poids, Repas, Sport, Notes..) | Planificateur, Carnet Quotidien pour Femme","5,98",None,None,None,100,None,None,15.24 x 0.58 x 22.86 cm,None,None,None,None,https://www.amazon.fr//Agenda-Minceur-Jours-Mensurations-Planificateur/dp/B09249HFDS/ref=sr_1_61?__mk_fr_FR=%C3%85M%C3%85%C5%BD%C3%95%C3%91&dchild=1&keywords=livre+recette+minceur&qid=1618672776&s=books&sr=1-61
44,Ma p√¢tisserie healthy: 60 recettes saines & gourmandes,"14,90","9,99",None,None,160,None,None,18.4 x 1.5 x 23.5 cm,None,None,"4,6",13,https://www.amazon.fr//Ma-p%C3%A2tisserie-healthy-recettes-gourmandes/dp/2226459995/ref=sr_1_62?__mk_fr_FR=%C3%85M%C3%85%C5%BD%C3%95%C3%91&dchild=1&keywords=livre+recette+minceur&qid=1618672776&s=books&sr=1-62
45,Cuisiner light avec thermomix,None,"28,99",None,"29,95",None,None,288,None,None,20.5 x 3.5 x 26.2 cm,"4,6",401,https://www.amazon.fr//Cuisiner-light-thermomix-B%C3%A9reng%C3%A8re-Abraham/dp/203595486X/ref=sr_1_63?__mk_fr_FR=%C3%85M%C3%85%C5%BD%C3%95%C3%91&dchild=1&keywords=livre+recette+minceur&qid=1618672776&s=books&sr=1-63
46,"MES 100 RECETTES CUISINE RAPIDE MINCEUR - A compl√©ter, cuisiner et savourer: Livre de recettes √† √©crire soi-m√™me I Carnet & Cahier I Id√©e cadeau I ... I Maigrir I Mincir I Perdre du poid I","9,40",None,None,None,105,None,None,21.59 x 0.69 x 27.94 cm,None,None,"1,0",1,https://www.amazon.fr//MES-RECETTES-CUISINE-RAPIDE-MINCEUR/dp/B08BWFVXZL/ref=sr_1_64?__mk_fr_FR=%C3%85M%C3%85%C5%BD%C3%95%C3%91&dchild=1&keywords=livre+recette+minceur&qid=1618672776&s=books&sr=1-64
47,Edgar Cayce. Recette de forme et de minceur,"19,40",None,None,None,218,None,None,15.5 x 2 x 24 cm,None,None,"4,5",5,https://www.amazon.fr//Edgar-Cayce-Recette-forme-minceur/dp/2268038637/ref=sr_1_65?__mk_fr_FR=%C3%85M%C3%85%C5%BD%C3%95%C3%91&dchild=1&keywords=livre+recette+minceur&qid=1618672776&s=books&sr=1-65
48,"Agenda Minceur 90 Jours: Journal Alimentaire et d‚Äôactivit√© Sportive √† Compl√©ter | Cahier de Suivi R√©gime (Mensurations, IMC, Poids, Repas, Sport, Notes..) | Planificateur, Carnet Quotidien pour Femme","5,98",None,None,None,100,None,None,15.24 x 0.58 x 22.86 cm,None,None,None,None,https://www.amazon.fr//Agenda-Minceur-Jours-Mensurations-Planificateur/dp/B092HJZ713/ref=sr_1_66?__mk_fr_FR=%C3%85M%C3%85%C5%BD%C3%95%C3%91&dchild=1&keywords=livre+recette+minceur&qid=1618672776&s=books&sr=1-66
49,Plats light et bons pour la sant√©,"4,99",None,None,None,192,None,None,14.5 x 1.7 x 19.1 cm,None,None,"4,0",67,https://www.amazon.fr//Plats-light-bons-pour-sant%C3%A9/dp/2263154094/ref=sr_1_67?__mk_fr_FR=%C3%85M%C3%85%C5%BD%C3%95%C3%91&dchild=1&keywords=livre+recette+minceur&qid=1618672776&s=books&sr=1-67
50,LA PENS√âE POSITIVE: Comment atteindre vos objectifs et mener une vie positive √† travers le pouvoir de la pens√©e,"8,99","4,99",None,None,80,None,None,12.7 x 0.51 x 20.32 cm,None,None,"4,1",1881,https://www.amazon.fr//PENS%C3%89E-POSITIVE-atteindre-objectifs-positive/dp/B085RTHNJW/ref=sr_1_68?__mk_fr_FR=%C3%85M%C3%85%C5%BD%C3%95%C3%91&dchild=1&keywords=livre+recette+minceur&qid=1618672776&s=books&sr=1-68
51,La bible officielle du cookeo: 200 recettes incontournables pour cuisiner au quotidien,None,None,None,"19,95",None,None,416,None,None,20.6 x 4.4 x 26.8 cm,"4,7",3294,https://www.amazon.fr//bible-officielle-cookeo-incontournables-quotidien/dp/2035961025/ref=sr_1_67?__mk_fr_FR=%C3%85M%C3%85%C5%BD%C3%95%C3%91&dchild=1&keywords=livre+recette+minceur&qid=1618672777&s=books&sr=1-67
52,"Le R√©gime C√©tog√®ne: Perdez du poids efficacement avec le r√©gime c√©tog√®ne - inclus un programme de 14 jours, id√©al aussi bien pour les d√©butants que pour les connaisseurs","7,95","3,95",None,None,143,None,None,12.7 x 0.84 x 20.32 cm,None,None,"3,7",394,https://www.amazon.fr//R%C3%A9gime-C%C3%A9tog%C3%A8ne-efficacement-programme-connaisseurs/dp/B087SN2SSW/ref=sr_1_69?__mk_fr_FR=%C3%85M%C3%85%C5%BD%C3%95%C3%91&dchild=1&keywords=livre+recette+minceur&qid=1618672777&s=books&sr=1-69
53,Recettes Minceur avec Thermomix,"9,39","4,90",None,None,90,None,None,15.24 x 0.53 x 22.86 cm,None,None,None,None,https://www.amazon.fr//Recettes-Minceur-Thermomix-Catherine-Desnoy/dp/B08YQVB1N9/ref=sr_1_70?__mk_fr_FR=%C3%85M%C3%85%C5%BD%C3%95%C3%91&dchild=1&keywords=livre+recette+minceur&qid=1618672777&s=books&sr=1-70
54,Recettes v√©g√©tariennes au Cookeo: Des recettes saines et √©quilibr√©es et v√©g√©tariens pour toute la famille.,"9,89","4,90",None,None,103,None,None,15.24 x 0.61 x 22.86 cm,None,None,"5,0",2,https://www.amazon.fr//Recettes-v%C3%A9g%C3%A9tariennes-Cookeo-%C3%A9quilibr%C3%A9es-v%C3%A9g%C3%A9tariens/dp/B08VRMMWL6/ref=sr_1_72?__mk_fr_FR=%C3%85M%C3%85%C5%BD%C3%95%C3%91&dchild=1&keywords=livre+recette+minceur&qid=1618672777&s=books&sr=1-72
55,Les recettes healthy de Margot,"19,90","10,99",None,None,189,None,None,22 x 1.7 x 17.1 cm,None,None,"4,4",98,https://www.amazon.fr//recettes-healthy-Margot-MARGOT-biendansmonslip/dp/B07NMNC86R/ref=sr_1_73?__mk_fr_FR=%C3%85M%C3%85%C5%BD%C3%95%C3%91&dchild=1&keywords=livre+recette+minceur&qid=1618672777&s=books&sr=1-73
56,Recettes √©quilibr√©es sans se ruiner avec Cookeo,"9,95",None,None,None,168,None,None,18.5 x 1.5 x 23.5 cm,None,None,"4,5",297,https://www.amazon.fr//Recettes-%C3%A9quilibr%C3%A9es-sans-ruiner-Cookeo/dp/2035986257/ref=sr_1_74?__mk_fr_FR=%C3%85M%C3%85%C5%BD%C3%95%C3%91&dchild=1&keywords=livre+recette+minceur&qid=1618672777&s=books&sr=1-74
57,Recettes √† l'extracteur de jus: 140 recettes pour faire le plein de vitamines,None,None,None,"9,95",None,None,208,None,None,13.6 x 1.9 x 19.7 cm,"4,4",713,https://www.amazon.fr//Recettes-lextracteur-jus-recettes-vitamines/dp/2035934184/ref=sr_1_75?__mk_fr_FR=%C3%85M%C3%85%C5%BD%C3%95%C3%91&dchild=1&keywords=livre+recette+minceur&qid=1618672777&s=books&sr=1-75
58,"R√©gime keto: D√©couvrez la c√©to cuisine avec un plan de repas de 28 jours + 121 recettes c√©tog√®nes novatrices, d√©licieuses et inratables pour r√©gime c√©tog√®ne et r√©gime Low-Carb. Recettes keto faciles","9,90","2,99",None,None,185,None,None,20.32 x 1.07 x 25.4 cm,None,None,"3,5",745,https://www.amazon.fr//R%C3%A9gime-keto-novatrices-d%C3%A9licieuses-inratables/dp/179301874X/ref=sr_1_77?__mk_fr_FR=%C3%85M%C3%85%C5%BD%C3%95%C3%91&dchild=1&keywords=livre+recette+minceur&qid=1618672777&s=books&sr=1-77
59,150 recettes light au robot-cuiseur,"7,95","5,99",None,None,192,None,None,17.1 x 2 x 17.2 cm,None,None,"4,3",161,https://www.amazon.fr//150-recettes-light-au-robot-cuiseur/dp/2412042756/ref=sr_1_78?__mk_fr_FR=%C3%85M%C3%85%C5%BD%C3%95%C3%91&dchild=1&keywords=livre+recette+minceur&qid=1618672777&s=books&sr=1-78
60,"Mon Carnet de recettes: Livre de recettes √† √©crire | Carnet personnalis√© pour 50 recettes de cuisine √† remplir | 2 pages par recette |Grand Format 21,59 cm x 27,94 cm [ Id√©e cadeau √† offrir","6,99",None,None,None,104,None,None,21.59 x 0.61 x 27.94 cm,None,None,"4,8",23,https://www.amazon.fr//Mon-Carnet-recettes-personnalis%C3%A9-cuisine/dp/B08992BD7F/ref=sr_1_80?__mk_fr_FR=%C3%85M%C3%85%C5%BD%C3%95%C3%91&dchild=1&keywords=livre+recette+minceur&qid=1618672777&s=books&sr=1-80
61,R√©gime C√©tog√®ne: Challenge 14 jours,"6,99","2,99",None,None,79,None,None,12.7 x 0.46 x 20.32 cm,None,None,"3,8",124,https://www.amazon.fr//R%C3%A9gime-C%C3%A9tog%C3%A8ne-Challenge-14-jours/dp/1975651332/ref=sr_1_83?__mk_fr_FR=%C3%85M%C3%85%C5%BD%C3%95%C3%91&dchild=1&keywords=livre+recette+minceur&qid=1618672777&s=books&sr=1-83
62,"MES 100 JUS DETOX RECETTE MINCEUR - A compl√©ter, cuisiner et savourer: Livre de recettes √† √©crire soi-m√™me I Carnet & Cahier I Id√©e cadeau I No√´l I ... I concombre I brule graisse I Maigrir","9,40",None,None,None,105,None,None,21.59 x 0.69 x 27.94 cm,None,None,None,None,https://www.amazon.fr//MES-100-DETOX-RECETTE-MINCEUR/dp/B08BWGQ84K/ref=sr_1_84?__mk_fr_FR=%C3%85M%C3%85%C5%BD%C3%95%C3%91&dchild=1&keywords=livre+recette+minceur&qid=1618672777&s=books&sr=1-84
63,Agenda Minceur 90 jours: Journal alimentaire et carnet de suivi sportif | Cahier minceur √† compl√©ter chaque jour pour le suivi de votre r√©gime ou de votre r√©√©quilibrage alimentaire,"8,99",None,None,None,118,None,None,15.24 x 0.69 x 22.86 cm,None,None,"4,2",5,https://www.amazon.fr//Agenda-Minceur-jours-alimentaire-r%C3%A9%C3%A9quilibrage/dp/B08RYCLQN1/ref=sr_1_85?__mk_fr_FR=%C3%85M%C3%85%C5%BD%C3%95%C3%91&dchild=1&keywords=livre+recette+minceur&qid=1618672777&s=books&sr=1-85
64,Mangez sain mangez bien avec Cookeo,"9,95","7,99",None,None,168,None,None,18.5 x 1.5 x 23.5 cm,None,None,"4,5",346,https://www.amazon.fr//Mangez-sain-mangez-bien-Cookeo/dp/2035955173/ref=sr_1_83?__mk_fr_FR=%C3%85M%C3%85%C5%BD%C3%95%C3%91&dchild=1&keywords=livre+recette+minceur&qid=1618672778&s=books&sr=1-83
65,"Mes Recettes de Jus de L√©gumes Minceur: Livre recette extracteur de jus a remplir pour detox, jeune, cuisiner simple ou pour le plaisir du gout. ... pour maigrir ou manger l√©ger | 100 recettes","6,99",None,None,None,106,None,None,17.78 x 0.69 x 25.4 cm,None,None,None,None,https://www.amazon.fr//Mes-Recettes-Jus-L%C3%A9gumes-Minceur/dp/B08KQXLW5D/ref=sr_1_84?__mk_fr_FR=%C3%85M%C3%85%C5%BD%C3%95%C3%91&dchild=1&keywords=livre+recette+minceur&qid=1618672778&s=books&sr=1-84
66,"LAISSE-TOI GUIDER: LTG, mon programme de r√©√©quilibrage alimentaire","23,00",None,None,None,204,None,None,20.32 x 1.17 x 25.4 cm,None,None,"4,4",655,https://www.amazon.fr//LAISSE-TOI-GUIDER-programme-r%C3%A9%C3%A9quilibrage-alimentaire/dp/1088841120/ref=sr_1_85?__mk_fr_FR=%C3%85M%C3%85%C5%BD%C3%95%C3%91&dchild=1&keywords=livre+recette+minceur&qid=1618672778&s=books&sr=1-85
67,Dash minceur,"18,00",None,None,None,300,None,None,20.9 x 1.8 x 15 cm,None,None,"3,8",17,https://www.amazon.fr//Dash-minceur-Anne-Dufour/dp/B07XW7DHKV/ref=sr_1_86?__mk_fr_FR=%C3%85M%C3%85%C5%BD%C3%95%C3%91&dchild=1&keywords=livre+recette+minceur&qid=1618672778&s=books&sr=1-86
68,Mieux manger toute l'ann√©e - 2020,"19,90","14,99",None,None,456,None,None,19.3 x 4.4 x 25.1 cm,None,None,"4,5",1504,https://www.amazon.fr//Mieux-manger-toute-lann%C3%A9e-2020/dp/226316247X/ref=sr_1_87?__mk_fr_FR=%C3%85M%C3%85%C5%BD%C3%95%C3%91&dchild=1&keywords=livre+recette+minceur&qid=1618672778&s=books&sr=1-87
69,"Le Minceur: Plus de 100 pages - Moins de Kilo - Livre de Recettes √† Remplir - 8,5 √ó 11 pouces - Un Grand Format pour Maigrir","5,99",None,None,None,120,None,None,21.59 x 0.71 x 27.94 cm,None,None,None,None,https://www.amazon.fr//Minceur-Recettes-Remplir-pouces-Maigrir/dp/B08924C48N/ref=sr_1_89?__mk_fr_FR=%C3%85M%C3%85%C5%BD%C3%95%C3%91&dchild=1&keywords=livre+recette+minceur&qid=1618672778&s=books&sr=1-89
70,Eaux d√©tox,None,"5,99",None,"7,99",None,None,72,None,None,21.5 x 1.2 x 21.5 cm,"4,4",186,https://www.amazon.fr//Eaux-d%C3%A9tox-Jessie-Kanelos-Weiner/dp/2501115139/ref=sr_1_90?__mk_fr_FR=%C3%85M%C3%85%C5%BD%C3%95%C3%91&dchild=1&keywords=livre+recette+minceur&qid=1618672778&s=books&sr=1-90
71,Cuisine detox - super facile,"6,95","4,49",None,None,192,None,None,19.2 x 1.8 x 20.1 cm,None,None,"4,3",10,https://www.amazon.fr//Cuisine-detox-facile-Zoe-ARMBRUSTER/dp/2263148973/ref=sr_1_95?__mk_fr_FR=%C3%85M%C3%85%C5%BD%C3%95%C3%91&dchild=1&keywords=livre+recette+minceur&qid=1618672778&s=books&sr=1-95
72,"Jus d√©tox, Eaux d√©tox & Smoothies d√©tox: 50 Recettes d√©tox pour perdre du poids, gagner de l‚Äô√©nergie et √™tre en bonne forme - Eaux infus√©es, Smoothies minceur et Jus d√©tox (Recettes boisson d√©tox)","7,99","2,99",None,None,120,None,None,20.32 x 0.71 x 25.4 cm,None,None,"3,8",14,https://www.amazon.fr//Jus-d%C3%A9tox-Eaux-Smoothies-Recettes/dp/1095698230/ref=sr_1_96?__mk_fr_FR=%C3%85M%C3%85%C5%BD%C3%95%C3%91&dchild=1&keywords=livre+recette+minceur&qid=1618672778&s=books&sr=1-96
73,Granolas et mueslis,None,"5,99",None,"7,99",None,None,96,None,None,18 x 1.5 x 21 cm,"3,9",9,https://www.amazon.fr//Granolas-mueslis-Soizic-Chomel-Varagnes/dp/2016269006/ref=sr_1_97?__mk_fr_FR=%C3%85M%C3%85%C5%BD%C3%95%C3%91&dchild=1&keywords=livre+recette+minceur&qid=1618672778&s=books&sr=1-97
74,Le meilleur r√©gime du monde: Le meilleur r√©gime du monde : Dietary Approaches to Stop Hypertension,"18,00","12,99",None,None,384,None,None,14.81 x 2.21 x 20.8 cm,None,None,"4,0",109,https://www.amazon.fr//DASH-meilleur-Dietary-Approaches-Hypertension/dp/B011QKRTIS/ref=sr_1_99?__mk_fr_FR=%C3%85M%C3%85%C5%BD%C3%95%C3%91&dchild=1&keywords=livre+recette+minceur&qid=1618672778&s=books&sr=1-99
75,"En 1 heure, je cuisine mes lunchs box pour toute la semaine","19,95",None,None,None,160,None,None,19.7 x 1.7 x 25 cm,None,None,"4,3",218,https://www.amazon.fr//heure-cuisine-lunchs-toute-semaine/dp/2017084581/ref=sr_1_100?__mk_fr_FR=%C3%85M%C3%85%C5%BD%C3%95%C3%91&dchild=1&keywords=livre+recette+minceur&qid=1618672778&s=books&sr=1-100
76,Eau D√©toxüçπ| Mincir et Purifier son Organisme avec 30+ Recettes Simples et Rapides. 3√®me √âdition,"11,98","2,99",None,None,67,None,None,20.32 x 0.41 x 25.4 cm,None,None,"4,5",13,https://www.amazon.fr//D%C3%A9tox%F0%9F%8D%B9-Purifier-Organisme-Recettes-Rapides/dp/1698628943/ref=sr_1_99?__mk_fr_FR=%C3%85M%C3%85%C5%BD%C3%95%C3%91&dchild=1&keywords=livre+recette+minceur&qid=1618672780&s=books&sr=1-99
77,"Recettes Je√ªne Intermittent: Une collection des meilleures recettes fasting pour r√©ussir votre je√ªne intermittent et atteindre vos objectifs (recettes minceur et gourmandes, recettes c√©tog√®nes faciles","9,99","3,99",None,None,50,None,None,20.32 x 0.3 x 25.4 cm,None,None,"3,5",2,https://www.amazon.fr//Recettes-Je%C3%BBne-Intermittent-collection-intermittent/dp/B08XH2JRJY/ref=sr_1_100?__mk_fr_FR=%C3%85M%C3%85%C5%BD%C3%95%C3%91&dchild=1&keywords=livre+recette+minceur&qid=1618672780&s=books&sr=1-100
78,Programmez votre cerveau minceur: 21 jours pour maigrir avec les neurosciences,"19,50",None,None,None,288,None,None,15.5 x 2.4 x 24 cm,None,None,"4,0",101,https://www.amazon.fr//Programmez-votre-cerveau-minceur-neurosciences/dp/2226393544/ref=sr_1_101?__mk_fr_FR=%C3%85M%C3%85%C5%BD%C3%95%C3%91&dchild=1&keywords=livre+recette+minceur&qid=1618672780&s=books&sr=1-101
79,Cuisine l√©g√®re NE - 1001 recettes,None,None,None,"9,95",None,None,416,None,None,15.3 x 4.1 x 15.4 cm,"3,9",38,https://www.amazon.fr//Cuisine-l%C3%A9g%C3%A8re-NE-1001-recettes/dp/2263149252/ref=sr_1_102?__mk_fr_FR=%C3%85M%C3%85%C5%BD%C3%95%C3%91&dchild=1&keywords=livre+recette+minceur&qid=1618672780&s=books&sr=1-102
80,R√©gime Keto pour d√©butants: D√©fi de 21 jours pour convertir votre corps en une machine √† br√ªler les graisses pour vivre plus sainement + 75 Recettes C√©tog√®nes Adapt√©es (R√©gime C√©tog√®ne),"7,99","3,99",None,None,138,None,None,20.32 x 0.81 x 25.4 cm,None,None,"3,8",60,https://www.amazon.fr//R%C3%A9gime-Keto-pour-d%C3%A9butants-convertir/dp/1713287668/ref=sr_1_104?__mk_fr_FR=%C3%85M%C3%85%C5%BD%C3%95%C3%91&dchild=1&keywords=livre+recette+minceur&qid=1618672780&s=books&sr=1-104
81,"Mon planificateur de menus: Organise, suis et planifie tes menus de la semaine : Un journal, carnet de bord, agenda et suivi alimentaire sur 52 ... de courses : Couverture de fruits 2292","5,99",None,None,None,108,None,None,19.05 x 0.64 x 23.5 cm,None,None,"4,4",324,https://www.amazon.fr//Mon-planificateur-menus-alimentaire-Couverture/dp/1700812297/ref=sr_1_105?__mk_fr_FR=%C3%85M%C3%85%C5%BD%C3%95%C3%91&dchild=1&keywords=livre+recette+minceur&qid=1618672780&s=books&sr=1-105
82,Les Recettes minceur de Sybille Montignac,"18,50",None,None,None,240,None,None,16.7 x 2.2 x 24 cm,None,None,"3,9",21,https://www.amazon.fr//Recettes-minceur-Sybille-Montignac/dp/2359344307/ref=sr_1_106?__mk_fr_FR=%C3%85M%C3%85%C5%BD%C3%95%C3%91&dchild=1&keywords=livre+recette+minceur&qid=1618672780&s=books&sr=1-106
83,Carnet suivi perte de poids | Fitness Edition - 365 jours suivi simple et efficace : Suivre chaque jour l‚Äô√©volution de vos objectifs minceur ou sant√©,"6,93",None,None,None,53,None,None,17.78 x 0.3 x 25.4 cm,None,None,"3,9",3,https://www.amazon.fr//Carnet-suivi-perte-poids-Fitness/dp/B08HGNS644/ref=sr_1_107?__mk_fr_FR=%C3%85M%C3%85%C5%BD%C3%95%C3%91&dchild=1&keywords=livre+recette+minceur&qid=1618672780&s=books&sr=1-107
84,"MES 100 RECETTES de CUISINE MINDEUR A compl√©ter, cuisiner et savoure: Livre de recettes √† √©crire soi-m√™me I Carnet du Fait MaisonI DIY I C√©tog√®ne I ... II Batch Cooking I Vegan I V√©g√©tarien","9,38",None,None,None,105,None,None,21.59 x 0.69 x 27.94 cm,None,None,None,None,https://www.amazon.fr//RECETTES-CUISINE-MINDEUR-compl%C3%A9ter-cuisiner/dp/B08BDZ2HFB/ref=sr_1_114?__mk_fr_FR=%C3%85M%C3%85%C5%BD%C3%95%C3%91&dchild=1&keywords=livre+recette+minceur&qid=1618672780&s=books&sr=1-114
85,Objectif ventre plat 5 minutes par jour pendant 1 mois,"12,95",None,None,None,127,None,None,16.7 x 1.2 x 21.6 cm,None,None,"4,3",170,https://www.amazon.fr//Objectif-ventre-plat-minutes-pendant/dp/2755640871/ref=sr_1_116?__mk_fr_FR=%C3%85M%C3%85%C5%BD%C3%95%C3%91&dchild=1&keywords=livre+recette+minceur&qid=1618672780&s=books&sr=1-116
86,Simplissime desserts: Le livre de desserts les + faciles du monde,None,"10,99",None,"14,95",None,None,288,None,None,20.5 x 3.4 x 25.5 cm,"4,5",522,https://www.amazon.fr//Simplissime-desserts-livre-faciles-monde/dp/2011356431/ref=sr_1_117?__mk_fr_FR=%C3%85M%C3%85%C5%BD%C3%95%C3%91&dchild=1&keywords=livre+recette+minceur&qid=1618672780&s=books&sr=1-117
87,Les recettes minceur de la coach des stars,"15,55",None,None,None,212,None,None,15.2 x 1.23 x 22.9 cm,None,None,"3,8",38,https://www.amazon.fr//recettes-minceur-coach-stars/dp/0615137520/ref=sr_1_115?__mk_fr_FR=%C3%85M%C3%85%C5%BD%C3%95%C3%91&dchild=1&keywords=livre+recette+minceur&qid=1618672781&s=books&sr=1-115
88,Mes Jus de L√©gumes - recettes √† l'extracteur: Carnet de recettes √† compl√©ter de vos 100 jus de l√©gumes et fruits pr√©f√©r√©s | livre de 60 pages | format 15.24 x 22.86 cm,"5,99",None,None,None,59,None,None,15.24 x 0.36 x 22.86 cm,None,None,"1,0",2,https://www.amazon.fr//Mes-Jus-L%C3%A9gumes-lextracteur-compl%C3%A9ter/dp/B085RTKHJ5/ref=sr_1_116?__mk_fr_FR=%C3%85M%C3%85%C5%BD%C3%95%C3%91&dchild=1&keywords=livre+recette+minceur&qid=1618672781&s=books&sr=1-116
89,Mon cahier minceur printemps-√©t√©,"7,90",None,None,None,96,None,None,17.2 x 0.9 x 22.2 cm,None,None,"4,4",35,https://www.amazon.fr//cahier-minceur-printemps-%C3%A9t%C3%A9-H%C3%A9l%C3%A8ne-DEFRETIN/dp/226317043X/ref=sr_1_117?__mk_fr_FR=%C3%85M%C3%85%C5%BD%C3%95%C3%91&dchild=1&keywords=livre+recette+minceur&qid=1618672781&s=books&sr=1-117
90,"Plats gourmands, vapeur douce: 120 recettes simples et bluffantes",None,"13,99",None,"19,90",None,None,160,None,None,22.3 x 1.7 x 25.5 cm,"4,6",128,https://www.amazon.fr//Plats-gourmands-vapeur-douce-bluffantes/dp/2226453342/ref=sr_1_118?__mk_fr_FR=%C3%85M%C3%85%C5%BD%C3%95%C3%91&dchild=1&keywords=livre+recette+minceur&qid=1618672781&s=books&sr=1-118
91,Fastgood Cuisine - Healthy et gourmand,None,None,None,"14,95",None,None,126,None,None,18.7 x 1.8 x 22.8 cm,"4,5",296,https://www.amazon.fr//Fastgood-Cuisine-gourmand-Charles-Gilles-compagnon/dp/2749940567/ref=sr_1_120?__mk_fr_FR=%C3%85M%C3%85%C5%BD%C3%95%C3%91&dchild=1&keywords=livre+recette+minceur&qid=1618672781&s=books&sr=1-120
92,Mes petites recettes magiques sans gluten et sans lactose,"6,00",None,"13,25",None,246,None,None,17.9 x 1.6 x 11 cm,LEDUC.S (1 janvier 1905),None,"4,2",383,https://www.amazon.fr//petites-recettes-magiques-gluten-lactose/dp/B0789TBXGT/ref=sr_1_121?__mk_fr_FR=%C3%85M%C3%85%C5%BD%C3%95%C3%91&dchild=1&keywords=livre+recette+minceur&qid=1618672781&s=books&sr=1-121
93,"Jus de Fruits et de Legumes Crus: 57 recettes faciles et un Guide Pratique Complet pour am√©liorer votre alimentation : Sant√©, Vitalit√© et Minceur, ... sans extracteur, FACILEMENT ET DURABLEMENT.","14,99","2,99",None,None,198,None,None,15.24 x 1.14 x 22.86 cm,None,None,"3,9",110,https://www.amazon.fr//Jus-Fruits-Legumes-Crus-alimentation/dp/2955413305/ref=sr_1_123?__mk_fr_FR=%C3%85M%C3%85%C5%BD%C3%95%C3%91&dchild=1&keywords=livre+recette+minceur&qid=1618672781&s=books&sr=1-123
94,Recettes l√©g√®res et gourmandes avec Steam up,"9,95",None,None,None,168,None,None,18.5 x 1.5 x 23.5 cm,None,None,"4,5",49,https://www.amazon.fr//Recettes-l%C3%A9g%C3%A8res-gourmandes-avec-Steam/dp/2035970210/ref=sr_1_125?__mk_fr_FR=%C3%85M%C3%85%C5%BD%C3%95%C3%91&dchild=1&keywords=livre+recette+minceur&qid=1618672781&s=books&sr=1-125
95,LE REGIME IG BAS,None,"14,99",None,"19,95",None,None,224,None,None,19.7 x 2.4 x 25.3 cm,"4,4",114,https://www.amazon.fr//REGIME-BAS-Marie-Laure-Andr%C3%A9/dp/2017084484/ref=sr_1_126?__mk_fr_FR=%C3%85M%C3%85%C5%BD%C3%95%C3%91&dchild=1&keywords=livre+recette+minceur&qid=1618672781&s=books&sr=1-126
96,Bowl cakes mini-sucre,"7,95","5,99",None,None,80,None,None,17 x 0.9 x 23.5 cm,None,None,"4,3",9,https://www.amazon.fr//Bowl-cakes-mini-sucre-Emmanuelle-Levesque/dp/2035990955/ref=sr_1_127?__mk_fr_FR=%C3%85M%C3%85%C5%BD%C3%95%C3%91&dchild=1&keywords=livre+recette+minceur&qid=1618672781&s=books&sr=1-127
97,R√©gime IG - Perdez 3 kilos d√®s la premi√®re semaine,"8,00",None,None,None,135,None,None,14.4 x 1.4 x 21.1 cm,None,None,"3,8",89,https://www.amazon.fr//R%C3%A9gime-IG-Perdez-premi%C3%A8re-semaine/dp/2359344765/ref=sr_1_128?__mk_fr_FR=%C3%85M%C3%85%C5%BD%C3%95%C3%91&dchild=1&keywords=livre+recette+minceur&qid=1618672781&s=books&sr=1-128
98,Batch Cooking √©quilibre,None,None,None,"20,00",None,None,171,None,None,17.8 x 2.3 x 24.8 cm,"4,2",94,https://www.amazon.fr//Batch-Cooking-%C3%A9quilibre-Pascale-Weeks/dp/2379450110/ref=sr_1_130?__mk_fr_FR=%C3%85M%C3%85%C5%BD%C3%95%C3%91&dchild=1&keywords=livre+recette+minceur&qid=1618672781&s=books&sr=1-130
99,"Mon cahier bowl cake: R√©pertoire de vos recettes + 100 fiches illustr√©es et faciles √† remplir pour la pr√©paration de vos Bow Cakes  - gourmandise healthy - taille A4 = 21 x 29,7 cm","7,85",None,None,None,105,None,None,21.01 x 0.69 x 29.69 cm,None,None,"5,0",1,https://www.amazon.fr//Mon-cahier-bowl-cake-pr%C3%A9paration/dp/B0863QDBNY/ref=sr_1_131?__mk_fr_FR=%C3%85M%C3%85%C5%BD%C3%95%C3%91&dchild=1&keywords=livre+recette+minceur&qid=1618672781&s=books&sr=1-131
100,Recettes minceur: Cahier de recettes de r√©gime √† remplir ‚Äì journal de recettes Tr√®s compl√®tes et pr√™tes √† remplir + r√©pertoire - carnet de recette de ... - mes recettes mon cahier de recettes,"3,99",None,None,None,100,None,None,15.24 x 0.58 x 22.86 cm,None,None,None,None,https://www.amazon.fr//Recettes-minceur-recettes-compl%C3%A8tes-r%C3%A9pertoire/dp/B088BDSY6Y/ref=sr_1_132?__mk_fr_FR=%C3%85M%C3%85%C5%BD%C3%95%C3%91&dchild=1&keywords=livre+recette+minceur&qid=1618672781&s=books&sr=1-132
101,Mes petites recettes magiques - Soupes,"6,00",None,"68,17",None,223,None,None,17.8 x 1.5 x 11 cm,Leduc.S (1 janvier 2018),None,"4,2",135,https://www.amazon.fr//Mes-petites-recettes-magiques-soupes/dp/B0754521CY/ref=sr_1_133?__mk_fr_FR=%C3%85M%C3%85%C5%BD%C3%95%C3%91&dchild=1&keywords=livre+recette+minceur&qid=1618672781&s=books&sr=1-133
102,LA BIBLE DU THERMOMIX: 300 Recettes Faciles et Rapides pour les Utilisateurs D√©butants et Avanc√©s (Recettes au Thermomix),"11,94","4,99",None,None,146,None,None,19 x 0.94 x 23.01 cm,None,None,"2,7",6,https://www.amazon.fr//BIBLE-THERMOMIX-Utilisateurs-D%C3%A9butants-Thermomix/dp/B08C8YKDHC/ref=sr_1_131?__mk_fr_FR=%C3%85M%C3%85%C5%BD%C3%95%C3%91&dchild=1&keywords=livre+recette+minceur&qid=1618672782&s=books&sr=1-131
103,R√©gime c√©tog√®ne ‚Äì Le livre de recettes: 100 d√©licieuses recettes pour suivre un r√©gime c√©tog√®ne - Br√ªler des graisses sainement sans faim et sans glucides - avec les bases et un plan nutritionnel,"9,99","4,99",None,None,203,None,None,19.05 x 1.17 x 23.5 cm,None,None,"3,6",57,https://www.amazon.fr//R%C3%A9gime-c%C3%A9tog%C3%A8ne-d%C3%A9licieuses-sainement-nutritionnel/dp/1657787648/ref=sr_1_132?__mk_fr_FR=%C3%85M%C3%85%C5%BD%C3%95%C3%91&dchild=1&keywords=livre+recette+minceur&qid=1618672782&s=books&sr=1-132
104,"MES 100 RECETTES HEALTHY MINCEUR - A compl√©ter, cuisiner et savourer: Livre de recettes √† √©crire soi-m√™me I Carnet & Cahier I Id√©e cadeau I No√´l I ... I Amaigrissant I Maigrir I Mincir I R√©gimes I","9,99",None,None,None,105,None,None,21.59 x 0.69 x 27.94 cm,None,None,None,None,https://www.amazon.fr//MES-100-RECETTES-HEALTHY-MINCEUR/dp/B08BWGWL65/ref=sr_1_133?__mk_fr_FR=%C3%85M%C3%85%C5%BD%C3%95%C3%91&dchild=1&keywords=livre+recette+minceur&qid=1618672782&s=books&sr=1-133
105,Recettes All√©g√©es au Thermomix,"9,89","4,90",None,None,156,None,None,15.24 x 0.91 x 22.86 cm,None,None,None,None,https://www.amazon.fr//Recettes-All%C3%A9g%C3%A9es-au-Thermomix-Fealty/dp/B0914PW38G/ref=sr_1_134?__mk_fr_FR=%C3%85M%C3%85%C5%BD%C3%95%C3%91&dchild=1&keywords=livre+recette+minceur&qid=1618672782&s=books&sr=1-134
106,"Mon planificateur de menus: Organise, suis et planifie tes menus de la semaine : Un journal, carnet de bord, agenda et suivi alimentaire sur 52 ... de courses : Couverture √† rayures 2346","5,99",None,None,None,108,None,None,19.05 x 0.64 x 23.5 cm,None,None,"4,3",46,https://www.amazon.fr//Mon-planificateur-menus-alimentaire-Couverture/dp/1700812343/ref=sr_1_136?__mk_fr_FR=%C3%85M%C3%85%C5%BD%C3%95%C3%91&dchild=1&keywords=livre+recette+minceur&qid=1618672782&s=books&sr=1-136
107,Mon cahier Objectif minceur automne hiver,"9,90",None,None,None,192,None,None,17.2 x 2 x 22.2 cm,None,None,"4,1",126,https://www.amazon.fr//cahier-Objectif-minceur-automne-hiver/dp/2263158898/ref=sr_1_137?__mk_fr_FR=%C3%85M%C3%85%C5%BD%C3%95%C3%91&dchild=1&keywords=livre+recette+minceur&qid=1618672782&s=books&sr=1-137
108,Recettes light inratables !,None,"14,99",None,"19,95",None,None,416,None,None,20.5 x 4.5 x 26.7 cm,"4,7",63,https://www.amazon.fr//Recettes-light-inratables-No%C3%A9mie-Strouk/dp/203593396X/ref=sr_1_138?__mk_fr_FR=%C3%85M%C3%85%C5%BD%C3%95%C3%91&dchild=1&keywords=livre+recette+minceur&qid=1618672782&s=books&sr=1-138
109,Les secrets de la cuisine √† indice glyc√©mique bas,"22,00",None,None,None,222,None,None,24.4 x 1.8 x 16.5 cm,None,None,"4,4",215,https://www.amazon.fr//secrets-cuisine-IG-bas-silhouette/dp/2360982435/ref=sr_1_141?__mk_fr_FR=%C3%85M%C3%85%C5%BD%C3%95%C3%91&dchild=1&keywords=livre+recette+minceur&qid=1618672782&s=books&sr=1-141
110,"Les recette de mamie: Livre de recettes √† compl√©ter: Carnet pour 102 recettes | Format A4, 209 pages | 2 pages par recette. Ce Livre de Cuisine Vierge ... √âcrire et Transmettre vos Astuces de Famille.","6,99",None,None,None,209,None,None,21.01 x 1.22 x 29.69 cm,None,None,None,None,https://www.amazon.fr//recette-mamie-recettes-compl%C3%A9ter-Transmettre/dp/B08YQR699Z/ref=sr_1_145?__mk_fr_FR=%C3%85M%C3%85%C5%BD%C3%95%C3%91&dchild=1&keywords=livre+recette+minceur&qid=1618672782&s=books&sr=1-145
111,52 semaines de minceur,"15,36",None,None,None,2221081870,None,None,21.6 x 15.8 x 1.6 cm,None,None,"3,7",32,https://www.amazon.fr//52-semaines-minceur-Weight-Watchers/dp/2221081870/ref=sr_1_146?__mk_fr_FR=%C3%85M%C3%85%C5%BD%C3%95%C3%91&dchild=1&keywords=livre+recette+minceur&qid=1618672782&s=books&sr=1-146
112,L'esprit l√©ger Mes recettes du bonheur !,None,None,None,"10,00",None,None,160,None,None,19.8 x 1.8 x 26.4 cm,"3,8",40,https://www.amazon.fr//Lesprit-l%C3%A9ger-Mes-recettes-bonheur/dp/2732482013/ref=sr_1_147?__mk_fr_FR=%C3%85M%C3%85%C5%BD%C3%95%C3%91&dchild=1&keywords=livre+recette+minceur&qid=1618672782&s=books&sr=1-147
113,Simplissime: Le livre de cuisine le + facile du monde,None,"14,99",None,"19,95",None,None,384,None,None,20.5 x 4.7 x 25.5 cm,"4,4",1741,https://www.amazon.fr//Simplissime-livre-cuisine-facile-monde/dp/2013963653/ref=sr_1_148?__mk_fr_FR=%C3%85M%C3%85%C5%BD%C3%95%C3%91&dchild=1&keywords=livre+recette+minceur&qid=1618672783&s=books&sr=1-148
114,"Mes 100 recettes IG BAS - A compl√©ter, cuisiner et savourer: Carnet, livre et cahier de cuisine √† √©crire, remplir & compl√©ter soi-m√™me I No√´l I Id√©e ... et favoriser la perte de poid (amaigrissant)","11,96",None,None,None,105,None,None,21.59 x 0.61 x 27.94 cm,None,None,"3,5",5,https://www.amazon.fr//Mes-100-recettes-BAS-amaigrissant/dp/B08F65S89R/ref=sr_1_150?__mk_fr_FR=%C3%85M%C3%85%C5%BD%C3%95%C3%91&dchild=1&keywords=livre+recette+minceur&qid=1618672783&s=books&sr=1-150
115,R√©gime IG bas pour d√©butants: Guide pratique de la cuisine IG bas super facile avec 45 recettes IG bas pour tous les jours ; Manger mieux pour vivre mieux (livre indice glyc√©mique bas),"7,99","2,99",None,None,72,None,None,15.24 x 0.43 x 22.86 cm,None,None,"3,5",37,https://www.amazon.fr//R%C3%A9gime-bas-pour-d%C3%A9butants-glyc%C3%A9mique/dp/B08D4VPYXK/ref=sr_1_151?__mk_fr_FR=%C3%85M%C3%85%C5%BD%C3%95%C3%91&dchild=1&keywords=livre+recette+minceur&qid=1618672783&s=books&sr=1-151
116,Mon R√©gime Pal√©o: 4 semaines de recettes pour d√©couvrir le r√©gime Pal√©o,"14,66","5,33",None,None,196,None,None,20.32 x 1.14 x 25.4 cm,None,None,"4,1",22,https://www.amazon.fr//Mon-R%C3%A9gime-Pal%C3%A9o-semaines-d%C3%A9couvrir/dp/1537643452/ref=sr_1_152?__mk_fr_FR=%C3%85M%C3%85%C5%BD%C3%95%C3%91&dchild=1&keywords=livre+recette+minceur&qid=1618672783&s=books&sr=1-152
117,Petit livre de - Minceur express en 140 recettes (LE PETIT LIVRE),"6,91","1,99",None,None,160,None,None,8.8 x 1.2 x 12.1 cm,None,None,"4,2",65,https://www.amazon.fr//Petit-livre-Minceur-express-recettes-ebook/dp/B00I95H5KG/ref=sr_1_153?__mk_fr_FR=%C3%85M%C3%85%C5%BD%C3%95%C3%91&dchild=1&keywords=livre+recette+minceur&qid=1618672783&s=books&sr=1-153
118,100 recettes et menus: RECETTES INEDITES A INDEX GLYCEMIQUE BAS,"20,50",None,None,None,256,None,None,17 x 2 x 21 cm,None,None,"4,3",71,https://www.amazon.fr//100-Recettes-menus-Michel-Montignac/dp/208120181X/ref=sr_1_154?__mk_fr_FR=%C3%85M%C3%85%C5%BD%C3%95%C3%91&dchild=1&keywords=livre+recette+minceur&qid=1618672783&s=books&sr=1-154
119,Ma cuisine l√©g√®re au quotidien: La meilleure fa√ßon de rester mince,"14,90",None,None,None,224,None,None,19.3 x 1.9 x 24 cm,None,None,"4,2",22,https://www.amazon.fr//Cuisine-l%C3%A9g%C3%A8re-quotidien-meilleure-rester/dp/2081487942/ref=sr_1_158?__mk_fr_FR=%C3%85M%C3%85%C5%BD%C3%95%C3%91&dchild=1&keywords=livre+recette+minceur&qid=1618672783&s=books&sr=1-158
120,"L'assiette du sportif: Recettes √©quilibr√©es avant/pendant et apr√®s l'effort, Conseils nutritionnels pour √™tre au top, Id√©a","19,95","14,99",None,None,192,None,None,20.6 x 2.3 x 24.2 cm,None,None,"4,5",253,https://www.amazon.fr//Lassiette-sportif-Recettes-%C3%A9quilibr%C3%A9es-nutritionnels/dp/2011356245/ref=sr_1_159?__mk_fr_FR=%C3%85M%C3%85%C5%BD%C3%95%C3%91&dchild=1&keywords=livre+recette+minceur&qid=1618672783&s=books&sr=1-159
121,Marmiton TOP - Vos recettes light pr√©f√©r√©es,"16,90",None,None,None,398,None,None,19.2 x 4.4 x 21.6 cm,None,None,"4,5",4,https://www.amazon.fr//Marmiton-TOP-recettes-light-pr%C3%A9f%C3%A9r%C3%A9es/dp/280967003X/ref=sr_1_161?__mk_fr_FR=%C3%85M%C3%85%C5%BD%C3%95%C3%91&dchild=1&keywords=livre+recette+minceur&qid=1618672783&s=books&sr=1-161
122,Bouddha Bowls Plaisir: Livre de recette √† remplir‚é™80 fiches pr√©format√©es ‚é™Bowlcake Poke Bowl et toutes vos recettes Bowl‚é™Grande format,"7,99",None,None,None,92,None,None,17.78 x 0.53 x 25.4 cm,None,None,"3,0",2,https://www.amazon.fr//Bouddha-Bowls-Plaisir-pr%C3%A9format%C3%A9es-Bowl%E2%8E%AAGrande/dp/B08NV41D79/ref=sr_1_162?__mk_fr_FR=%C3%85M%C3%85%C5%BD%C3%95%C3%91&dchild=1&keywords=livre+recette+minceur&qid=1618672783&s=books&sr=1-162
123,40 Recettes de Smoothie faciles pour tous les jours: De la recette hypocalorique √† la bombe √† √©nergie pure,"5,99","4,99",None,None,44,None,None,19.05 x 0.25 x 23.5 cm,None,None,"3,6",12,https://www.amazon.fr//Recettes-Smoothie-faciles-pour-jours/dp/1722809841/ref=sr_1_163?__mk_fr_FR=%C3%85M%C3%85%C5%BD%C3%95%C3%91&dchild=1&keywords=livre+recette+minceur&qid=1618672784&s=books&sr=1-163
124,Recettes au blender,None,"7,99",None,"9,95",None,None,224,None,None,13.5 x 2.1 x 20 cm,"4,2",563,https://www.amazon.fr//Recettes-au-blender-No%C3%ABmie-Andr%C3%A9/dp/2035969689/ref=sr_1_165?__mk_fr_FR=%C3%85M%C3%85%C5%BD%C3%95%C3%91&dchild=1&keywords=livre+recette+minceur&qid=1618672784&s=books&sr=1-165
125,La m√©thode 10/10 : ce livre fait perdre 10 kg et vivre 10 ans de plus,"24,90","9,99",None,None,388,None,None,14.5 x 4 x 210.4 cm,None,None,"3,7",652,https://www.amazon.fr//m%C3%A9thode-10-livre-perdre-vivre/dp/B01LR5C5B8/ref=sr_1_167?__mk_fr_FR=%C3%85M%C3%85%C5%BD%C3%95%C3%91&dchild=1&keywords=livre+recette+minceur&qid=1618672784&s=books&sr=1-167
126,"Jus de L√©gumes Recettes: Livre recette extracteur de jus a remplir pour detox, jeune, cuisiner simple ou pour le plaisir du gout. Carnet de jus de ... pour maigrir ou manger l√©ger | 100 recettes","6,99",None,None,None,106,None,None,17.78 x 0.69 x 25.4 cm,None,None,None,None,https://www.amazon.fr//Jus-L%C3%A9gumes-Recettes-extracteur-cuisiner/dp/B08KQRF3S1/ref=sr_1_168?__mk_fr_FR=%C3%85M%C3%85%C5%BD%C3%95%C3%91&dchild=1&keywords=livre+recette+minceur&qid=1618672784&s=books&sr=1-168
127,I love la cuisine minceur,"15,90","10,99",None,None,320,None,None,18.8 x 2.5 x 23.1 cm,None,None,"3,9",6,https://www.amazon.fr//love-cuisine-minceur-Val%C3%A9ry-GUEDES/dp/2263160817/ref=sr_1_170?__mk_fr_FR=%C3%85M%C3%85%C5%BD%C3%95%C3%91&dchild=1&keywords=livre+recette+minceur&qid=1618672784&s=books&sr=1-170
128,PLANCHA MINCEUR,"7,50",None,None,None,64,None,None,24.7 x 1.4 x 17.4 cm,None,None,"3,8",3,https://www.amazon.fr//PLANCHA-MINCEUR-LILIANE-OTAL/dp/2817704185/ref=sr_1_173?__mk_fr_FR=%C3%85M%C3%85%C5%BD%C3%95%C3%91&dchild=1&keywords=livre+recette+minceur&qid=1618672784&s=books&sr=1-173
129,"Glaces, sorbets et desserts l√©gers pour l'√©t√©: 20 recettes all√©g√©es en sucre, sans lactose et sans gluten","4,75","2,99",None,None,37,None,None,13.97 x 0.23 x 21.59 cm,None,None,"3,6",8,https://www.amazon.fr//Glaces-sorbets-desserts-l%C3%A9gers-pour/dp/1086537483/ref=sr_1_175?__mk_fr_FR=%C3%85M%C3%85%C5%BD%C3%95%C3%91&dchild=1&keywords=livre+recette+minceur&qid=1618672784&s=books&sr=1-175
130,Recettes minceur,None,None,None,"11,05",None,None,240,None,None,24.5 x 2 x 17.5 cm,"4,1",2,https://www.amazon.fr//Recettes-minceur-Collectif/dp/2035851785/ref=sr_1_176?__mk_fr_FR=%C3%85M%C3%85%C5%BD%C3%95%C3%91&dchild=1&keywords=livre+recette+minceur&qid=1618672784&s=books&sr=1-176
131,"Sarrasin, l'alternative sans gluten (SARR)","26,84",None,"9,95",None,None,70,None,B010IQVMUM,16 x 0.8 x 22 cm,None,"4,5",26,https://www.amazon.fr//Sarrasin-lalternative-sans-gluten-Clemence/dp/2842213998/ref=sr_1_177?__mk_fr_FR=%C3%85M%C3%85%C5%BD%C3%95%C3%91&dchild=1&keywords=livre+recette+minceur&qid=1618672784&s=books&sr=1-177
132,"Miam-√¥-5, Miam-√¥-fruit: 80 recettes dynamisantes, faciles et pas ch√®res","15,90","11,99",None,None,190,None,None,17 x 1.7 x 21 cm,None,None,None,None,https://www.amazon.fr//Miam-%C3%B4-5-Miam-%C3%B4-fruit-recettes-dynamisantes-faciles/dp/2268105253/ref=sr_1_178?__mk_fr_FR=%C3%85M%C3%85%C5%BD%C3%95%C3%91&dchild=1&keywords=livre+recette+minceur&qid=1618672784&s=books&sr=1-178
133,Mes petites recettes magiques aux prot√©ines v√©g√©tales,"6,00","4,99","6,00",None,979-1028510640,215,None,17.8 x 1.5 x 11 cm,17.8 x 1.4 x 11 cm,None,"4,1",57,https://www.amazon.fr//Petites-Recettes-aux-Proteines-Vegetales/dp/B079F9D91T/ref=sr_1_180?__mk_fr_FR=%C3%85M%C3%85%C5%BD%C3%95%C3%91&dchild=1&keywords=livre+recette+minceur&qid=1618672784&s=books&sr=1-180
134,Le grand livre de l'alimentation c√©tog√®ne,"23,95","7,99",None,None,448,None,None,19 x 2.4 x 23.1 cm,None,None,"4,5",1231,https://www.amazon.fr//grand-livre-lalimentation-c%C3%A9tog%C3%A8ne/dp/2365492452/ref=sr_1_179?__mk_fr_FR=%C3%85M%C3%85%C5%BD%C3%95%C3%91&dchild=1&keywords=livre+recette+minceur&qid=1618672785&s=books&sr=1-179
135,"MES 100 RECETTES HEALTHY - A compl√©ter, cuisiner et savourer: Livre de recettes √† √©crire soi-m√™me I Carnet & Cahier I Id√©e cadeau I No√´l I","9,99",None,None,None,105,None,None,21.59 x 0.69 x 27.94 cm,None,None,"3,8",5,https://www.amazon.fr//MES-100-RECETTES-HEALTHY-compl%C3%A9ter/dp/B08BWCFZDL/ref=sr_1_180?__mk_fr_FR=%C3%85M%C3%85%C5%BD%C3%95%C3%91&dchild=1&keywords=livre+recette+minceur&qid=1618672785&s=books&sr=1-180
136,Petit Livre de - 120 recettes vapeur et minceur,"9,20","1,99","20,47",None,160,160,None,15 x 1.3 x 22 cm,8.8 x 1.1 x 12.2 cm,None,"3,8",102,https://www.amazon.fr//Petit-Livre-recettes-vapeur-minceur/dp/2754073787/ref=sr_1_182?__mk_fr_FR=%C3%85M%C3%85%C5%BD%C3%95%C3%91&dchild=1&keywords=livre+recette+minceur&qid=1618672785&s=books&sr=1-182
137,Cuisine facile et rapide avec la friteuse √† air: 100 Recettes rapides et faciles : Recettes simples et saines pour tous les jours ; Recettes saines et rapides (Livre de recettes friteuse sans huile),"9,95","3,99",None,None,133,None,None,20.32 x 0.76 x 25.4 cm,None,None,"4,0",140,https://www.amazon.fr//Cuisine-facile-rapide-avec-friteuse/dp/1083094289/ref=sr_1_183?__mk_fr_FR=%C3%85M%C3%85%C5%BD%C3%95%C3%91&dchild=1&keywords=livre+recette+minceur&qid=1618672785&s=books&sr=1-183
138,SIMPLISSIME - Recettes v√©g√©tariennes et vegan: Les recettes v√©g√©tariennes et vegan les plus faciles du monde,None,"10,99",None,"14,95",None,None,288,None,None,20 x 3 x 26 cm,"4,5",501,https://www.amazon.fr//SIMPLISSIME-Recettes-v%C3%A9g%C3%A9tariennes-recettes-faciles/dp/2016261749/ref=sr_1_184?__mk_fr_FR=%C3%85M%C3%85%C5%BD%C3%95%C3%91&dchild=1&keywords=livre+recette+minceur&qid=1618672785&s=books&sr=1-184
139,Vegan 100 recettes gourmandes,"5,95","4,49",None,None,224,None,None,17.8 x 2 x 17.8 cm,None,None,"4,5",145,https://www.amazon.fr//Vegan-100-recettes-gourmandes-Collectif/dp/2017084395/ref=sr_1_185?__mk_fr_FR=%C3%85M%C3%85%C5%BD%C3%95%C3%91&dchild=1&keywords=livre+recette+minceur&qid=1618672785&s=books&sr=1-185
140,Bouddha bols !: Le bol repas qui nous vient d'Asie !,"8,95",None,None,None,96,None,None,23 x 0.8 x 23 cm,None,None,"4,5",175,https://www.amazon.fr//Bouddha-bols-repas-vient-dAsie/dp/2035949459/ref=sr_1_186?__mk_fr_FR=%C3%85M%C3%85%C5%BD%C3%95%C3%91&dchild=1&keywords=livre+recette+minceur&qid=1618672785&s=books&sr=1-186
141,"R√©gime Charge Glyc√©mique, R√©gime Express IG: La m√©thode ultra efficace pour perdre 10 kg et vivre 10 ans de plus ! Guide des index glyc√©miques + 39 Recettes IG bas ; Manger mieux pour vivre mieux !","8,99","3,99",None,None,196,None,None,20.32 x 1.14 x 25.4 cm,None,None,"3,2",8,https://www.amazon.fr//R%C3%A9gime-Charge-Glyc%C3%A9mique-Express-glyc%C3%A9miques/dp/B089249D2L/ref=sr_1_189?__mk_fr_FR=%C3%85M%C3%85%C5%BD%C3%95%C3%91&dchild=1&keywords=livre+recette+minceur&qid=1618672785&s=books&sr=1-189
142,Cuisine italienne et sans gluten !,"14,00",None,None,None,119,None,None,21 x 1.2 x 20.9 cm,None,None,"4,5",34,https://www.amazon.fr//Cuisine-italienne-sans-gluten-recettes/dp/2360983520/ref=sr_1_190?__mk_fr_FR=%C3%85M%C3%85%C5%BD%C3%95%C3%91&dchild=1&keywords=livre+recette+minceur&qid=1618672785&s=books&sr=1-190
143,Le je√ªne intermittent: Comment br√ªler les graisses efficacement et perdre du poids sans souffrir de la faim,"8,99","4,95",None,None,134,None,None,12.7 x 0.79 x 20.32 cm,None,None,"4,0",132,https://www.amazon.fr//je%C3%BBne-intermittent-graisses-efficacement-souffrir/dp/B08P2C2TT3/ref=sr_1_191?__mk_fr_FR=%C3%85M%C3%85%C5%BD%C3%95%C3%91&dchild=1&keywords=livre+recette+minceur&qid=1618672785&s=books&sr=1-191
144,L'int√©grale des recettes illustr√©es Dukan pour r√©ussir la m√©thode,"37,78",None,None,None,539,None,None,17.4 x 3.5 x 21.7 cm,None,None,"4,3",256,https://www.amazon.fr//Lint%C3%A9grale-recettes-illustr%C3%A9es-r%C3%A9ussir-m%C3%A9thode/dp/2081238101/ref=sr_1_192?__mk_fr_FR=%C3%85M%C3%85%C5%BD%C3%95%C3%91&dchild=1&keywords=livre+recette+minceur&qid=1618672785&s=books&sr=1-192
145,Low carb. 101 recettes pauvres en glucides,"19,90","12,99",None,None,208,None,None,16.9 x 1.6 x 23.1 cm,None,None,"4,1",130,https://www.amazon.fr//Low-carb-recettes-pauvres-glucides/dp/236549207X/ref=sr_1_194?__mk_fr_FR=%C3%85M%C3%85%C5%BD%C3%95%C3%91&dchild=1&keywords=livre+recette+minceur&qid=1618672785&s=books&sr=1-194
146,Mes Recettes Pr√©f√©r√©es : Cahier De Recettes Cuisine √† Remplir: Livre De Recettes Personnalis√© De Mes Recettes D√©licieuses | Carnet De Recettes A ... |100 Fiches Recettes XXL √† compl√©ter.,"3,99",None,None,None,110,None,None,21.59 x 0.64 x 27.94 cm,None,None,"4,6",188,https://www.amazon.fr//Mes-Recettes-Pr%C3%A9f%C3%A9r%C3%A9es-Personnalis%C3%A9-D%C3%A9licieuses/dp/B088N62FS8/ref=sr_1_195?__mk_fr_FR=%C3%85M%C3%85%C5%BD%C3%95%C3%91&dchild=1&keywords=livre+recette+minceur&qid=1618672785&s=books&sr=1-195
147,Petits plats du soir avec thermomix,None,"28,99",None,"29,95",None,None,288,None,None,19.5 x 3.5 x 26 cm,"4,6",209,https://www.amazon.fr//Petits-plats-soir-avec-thermomix/dp/2035954843/ref=sr_1_196?__mk_fr_FR=%C3%85M%C3%85%C5%BD%C3%95%C3%91&dchild=1&keywords=livre+recette+minceur&qid=1618672785&s=books&sr=1-196
148,"Mon cahier de recettes: Carnet de recettes a remplir de 117 pages pour y √©crire toutes vos recettes | 55 recettes | 2 pages par recette l Grand Format 21,59 x 27,94 cm","5,99",None,None,None,117,None,None,21.59 x 0.69 x 27.94 cm,None,None,"4,6",48,https://www.amazon.fr//Mon-cahier-recettes-remplir-recette/dp/B087R82LVF/ref=sr_1_200?__mk_fr_FR=%C3%85M%C3%85%C5%BD%C3%95%C3%91&dchild=1&keywords=livre+recette+minceur&qid=1618672787&s=books&sr=1-200
149,Mes recettes sans gluten aux l√©gumineuses,"14,00",None,None,None,119,None,None,21.1 x 1.2 x 21 cm,None,None,"4,4",8,https://www.amazon.fr//Mes-recettes-sans-gluten-l%C3%A9gumineuses/dp/2360983407/ref=sr_1_202?__mk_fr_FR=%C3%85M%C3%85%C5%BD%C3%95%C3%91&dchild=1&keywords=livre+recette+minceur&qid=1618672787&s=books&sr=1-202
150,M√©thode Montignac 50 desserts l√©gers pour maigrir !,"14,90",None,None,None,127,None,None,16.7 x 1.4 x 24.1 cm,None,None,"3,6",7,https://www.amazon.fr//M%C3%A9thode-Montignac-desserts-l%C3%A9gers-maigrir/dp/2359344773/ref=sr_1_203?__mk_fr_FR=%C3%85M%C3%85%C5%BD%C3%95%C3%91&dchild=1&keywords=livre+recette+minceur&qid=1618672787&s=books&sr=1-203
151,Les recettes d'une connasse,"22,00","15,99",None,None,212,None,None,15.3 x 2 x 22.5 cm,None,None,"4,0",15,https://www.amazon.fr//recettes-dune-connasse-Fiona-Schmidt/dp/2016257946/ref=sr_1_205?__mk_fr_FR=%C3%85M%C3%85%C5%BD%C3%95%C3%91&dchild=1&keywords=livre+recette+minceur&qid=1618672787&s=books&sr=1-205
152,Ce soir c'est bouddha bol !,"16,95",None,None,None,48,None,None,18.3 x 15.7 x 18.3 cm,None,None,"4,4",33,https://www.amazon.fr//Ce-soir-cest-bouddha-bol/dp/2035956110/ref=sr_1_206?__mk_fr_FR=%C3%85M%C3%85%C5%BD%C3%95%C3%91&dchild=1&keywords=livre+recette+minceur&qid=1618672787&s=books&sr=1-206
153,Mes recettes powerbiotiques - Pr√©servez votre microbiote - Stimulez les superpouvois,"22,90","15,99",None,None,295,None,None,16.1 x 1.8 x 23 cm,None,None,"4,6",7,https://www.amazon.fr//Mes-recettes-powerbiotiques-Marion-Kaplan/dp/2813223581/ref=sr_1_207?__mk_fr_FR=%C3%85M%C3%85%C5%BD%C3%95%C3%91&dchild=1&keywords=livre+recette+minceur&qid=1618672787&s=books&sr=1-207
154,Mon livre de recettes pour le diab√®te,"14,99",None,None,"19,99",164,None,164,21 x 1 x 14.8 cm,None,21.6 x 1.3 x 15.3 cm,None,None,https://www.amazon.fr//Mon-livre-recettes-pour-diab%C3%A8te/dp/2322217484/ref=sr_1_210?__mk_fr_FR=%C3%85M%C3%85%C5%BD%C3%95%C3%91&dchild=1&keywords=livre+recette+minceur&qid=1618672787&s=books&sr=1-210
155,Ma cuisine IG bas - super facile,"6,95",None,None,None,192,None,None,19.2 x 1.5 x 20.1 cm,None,None,"4,2",62,https://www.amazon.fr//Ma-cuisine-IG-bas-facile/dp/2263169490/ref=sr_1_211?__mk_fr_FR=%C3%85M%C3%85%C5%BD%C3%95%C3%91&dchild=1&keywords=livre+recette+minceur&qid=1618672787&s=books&sr=1-211
156,Mon programme minceur | 90 jours de r√©√©quilibrage alimentaire | Journal √† Compl√©ter |Carnet de Suivi de r√©gime: Carnet de Suivi de r√©gime | 90 jours pour retrouver la forme,"6,99",None,None,None,100,None,None,15.24 x 0.58 x 22.86 cm,None,None,"2,5",2,https://www.amazon.fr//programme-minceur-r%C3%A9%C3%A9quilibrage-alimentaire-Compl%C3%A9ter/dp/B08R9NJT29/ref=sr_1_212?__mk_fr_FR=%C3%85M%C3%85%C5%BD%C3%95%C3%91&dchild=1&keywords=livre+recette+minceur&qid=1618672787&s=books&sr=1-212
157,"365 recettes au Thermomix - Des plus simples aux plus cr√©atives, pour les soirs de semaine ou pour l",None,None,None,"27,00",None,None,408,None,None,23.1 x 3.3 x 29.4 cm,"4,4",261,https://www.amazon.fr//365-recettes-Thermomix-cr%C3%A9atives-week-end/dp/2263158618/ref=sr_1_213?__mk_fr_FR=%C3%85M%C3%85%C5%BD%C3%95%C3%91&dchild=1&keywords=livre+recette+minceur&qid=1618672787&s=books&sr=1-213
158,Recettes √† l'extracteur,"7,99","5,99",None,None,96,None,None,18.3 x 1.5 x 21 cm,None,None,"4,3",18,https://www.amazon.fr//Recettes-%C3%A0-lextracteur-Marjolaine-Daguerre/dp/2013350570/ref=sr_1_212?__mk_fr_FR=%C3%85M%C3%85%C5%BD%C3%95%C3%91&dchild=1&keywords=livre+recette+minceur&qid=1618672788&s=books&sr=1-212
159,Mon cahier Minceur automne hiver new,"7,90",None,None,None,80,None,None,17.3 x 0.8 x 22 cm,None,None,"4,3",22,https://www.amazon.fr//Mon-cahier-Minceur-automne-hiver/dp/2263170480/ref=sr_1_213?__mk_fr_FR=%C3%85M%C3%85%C5%BD%C3%95%C3%91&dchild=1&keywords=livre+recette+minceur&qid=1618672788&s=books&sr=1-213
160,La M√©thode h√©pato-d√©tox: Mincir durablement et sans danger gr√¢ce au foie,"19,90","13,99",None,None,300,None,None,15.3 x 2.4 x 24 cm,None,None,"4,3",363,https://www.amazon.fr//R%C3%A9gime-h%C3%A9pato-d%C3%A9tox-Mincir-durablement-danger/dp/2226440984/ref=sr_1_214?__mk_fr_FR=%C3%85M%C3%85%C5%BD%C3%95%C3%91&dchild=1&keywords=livre+recette+minceur&qid=1618672788&s=books&sr=1-214
161,Maigrir √† vue d'oeil,"20,00","13,99",None,None,266,None,None,17.3 x 1.8 x 24.1 cm,None,None,"3,8",92,https://www.amazon.fr//Maigrir-doeil-Docteur-Claude-Chauchard/dp/2813220159/ref=sr_1_215?__mk_fr_FR=%C3%85M%C3%85%C5%BD%C3%95%C3%91&dchild=1&keywords=livre+recette+minceur&qid=1618672788&s=books&sr=1-215
162,"Prendre du poids enfin !: Le guide complet de prise de masse destin√© aux maigres afin de gagner en muscles, prendre de la masse et grossir, atteindre son poids id√©al et reprendre confiance en soi","19,00","7,49",None,None,190,None,None,15.24 x 1.09 x 22.86 cm,None,None,"5,0",1,https://www.amazon.fr//Prendre-poids-enfin-atteindre-reprendre/dp/B08YHYV9M4/ref=sr_1_216?__mk_fr_FR=%C3%85M%C3%85%C5%BD%C3%95%C3%91&dchild=1&keywords=livre+recette+minceur&qid=1618672788&s=books&sr=1-216
163,Mes petites recettes magiques objectif corps de r√™ve,"6,00",None,None,None,190,None,None,17.8 x 1.4 x 10.9 cm,None,None,"4,2",5,https://www.amazon.fr//petites-recettes-magiques-objectif-corps/dp/B06WLHH889/ref=sr_1_217?__mk_fr_FR=%C3%85M%C3%85%C5%BD%C3%95%C3%91&dchild=1&keywords=livre+recette+minceur&qid=1618672788&s=books&sr=1-217
164,150 recettes de super-jus,"6,50","4,49","6,90",None,192,192,None,12.5 x 1.2 x 17.8 cm,12.5 x 1.3 x 17.8 cm,None,"4,3",297,https://www.amazon.fr//150-recettes-super-jus-vertus-l%C3%A9gumes/dp/2501139550/ref=sr_1_218?__mk_fr_FR=%C3%85M%C3%85%C5%BD%C3%95%C3%91&dchild=1&keywords=livre+recette+minceur&qid=1618672788&s=books&sr=1-218
165,Petit livre - Recettes minceur,"2,99",None,None,None,160,None,None,8.5 x 1 x 12 cm,None,None,None,None,https://www.amazon.fr//Petit-livre-Recettes-Catherine-POGGI/dp/2412034303/ref=sr_1_221?__mk_fr_FR=%C3%85M%C3%85%C5%BD%C3%95%C3%91&dchild=1&keywords=livre+recette+minceur&qid=1618672788&s=books&sr=1-221
166,Bon et Sain,None,None,None,"25,90",None,None,288,None,None,20.3 x 3 x 27 cm,"4,6",46,https://www.amazon.fr//Bon-Sain-Gordon-Ramsay/dp/2017042927/ref=sr_1_222?__mk_fr_FR=%C3%85M%C3%85%C5%BD%C3%95%C3%91&dchild=1&keywords=livre+recette+minceur&qid=1618672788&s=books&sr=1-222
167,Cuisiner avec un soup maker,None,"7,99",None,"9,95",None,None,208,None,None,13 x 2 x 19 cm,"4,5",900,https://www.amazon.fr//Cuisiner-avec-maker-No%C3%A9mie-Strouk/dp/2035973864/ref=sr_1_223?__mk_fr_FR=%C3%85M%C3%85%C5%BD%C3%95%C3%91&dchild=1&keywords=livre+recette+minceur&qid=1618672788&s=books&sr=1-223
168,Recettes du monde avec Cookeo,"9,95","7,99",None,None,168,None,None,18.7 x 1.4 x 23.5 cm,None,None,"4,6",527,https://www.amazon.fr//Recettes-du-monde-avec-Cookeo/dp/2035970083/ref=sr_1_224?__mk_fr_FR=%C3%85M%C3%85%C5%BD%C3%95%C3%91&dchild=1&keywords=livre+recette+minceur&qid=1618672788&s=books&sr=1-224
169,Boissons D√©tox,"5,95","4,49",None,None,224,None,None,17.8 x 2 x 17.8 cm,None,None,"3,8",7,https://www.amazon.fr//Boissons-D%C3%A9tox-Collectif/dp/2017084379/ref=sr_1_225?__mk_fr_FR=%C3%85M%C3%85%C5%BD%C3%95%C3%91&dchild=1&keywords=livre+recette+minceur&qid=1618672788&s=books&sr=1-225
170,Une journ√©e dans mon assiette Vegan,None,"14,99",None,"19,95",None,None,192,None,None,20.3 x 2.3 x 23.9 cm,"4,7",184,https://www.amazon.fr//Une-journ%C3%A9e-dans-assiette-Vegan/dp/2017084433/ref=sr_1_226?__mk_fr_FR=%C3%85M%C3%85%C5%BD%C3%95%C3%91&dchild=1&keywords=livre+recette+minceur&qid=1618672788&s=books&sr=1-226
171,Smoothies et cie avec l'Ultrablend cook,"9,95","7,99",None,None,168,None,None,23.4 x 1.8 x 18.5 cm,None,None,"4,5",68,https://www.amazon.fr//Smoothies-cie-avec-lUltrablend-cook/dp/2035955823/ref=sr_1_228?__mk_fr_FR=%C3%85M%C3%85%C5%BD%C3%95%C3%91&dchild=1&keywords=livre+recette+minceur&qid=1618672788&s=books&sr=1-228
172,"Mes recettes: Carnet de 100 recettes cuisine √† remplir | Livre de cuisine personnalisable √† faire soi-m√™me avec vos recettes de famille | Cadeau ... de la cuisine, gourmets, cuisiniers, chefs ‚Ä¶","6,99",None,None,None,105,None,None,21.59 x 0.61 x 27.94 cm,None,None,None,None,https://www.amazon.fr//Mes-recettes-personnalisable-soi-m%C3%AAme-cuisiniers/dp/B08WYDVMTF/ref=sr_1_228?__mk_fr_FR=%C3%85M%C3%85%C5%BD%C3%95%C3%91&dchild=1&keywords=livre+recette+minceur&qid=1618672789&s=books&sr=1-228
173,Mes recettes: livre de recettes √† remplir - carnet de cuisine de 100 recettes - format A5 - 105 pages,"6,69",None,None,None,105,None,None,15.24 x 0.61 x 22.86 cm,None,None,None,None,https://www.amazon.fr//Mes-recettes-remplir-carnet-cuisine/dp/B08N3M26G5/ref=sr_1_229?__mk_fr_FR=%C3%85M%C3%85%C5%BD%C3%95%C3%91&dchild=1&keywords=livre+recette+minceur&qid=1618672789&s=books&sr=1-229
174,"R√©gime c√©tog√®ne pour d√©butants, R√©gime keto: D√©fi de 28 jour pour transformer votre corps en une machine √† br√ªler les graisses et optimiser vos performances + 60 recettes low-carb adapt√©es","7,99","2,99",None,None,142,None,None,15.24 x 0.81 x 22.86 cm,None,None,"3,4",7,https://www.amazon.fr//R%C3%A9gime-c%C3%A9tog%C3%A8ne-pour-d%C3%A9butants-keto/dp/B089TWR1Z2/ref=sr_1_230?__mk_fr_FR=%C3%85M%C3%85%C5%BD%C3%95%C3%91&dchild=1&keywords=livre+recette+minceur&qid=1618672789&s=books&sr=1-230
175,Le Carnet du Chef: Carnet de Cuisine √† remplir soi-m√™me: le Cahier de Cuisine comporte 233 Pages pour 112 Recettes au format A4,"7,73",None,None,None,233,None,None,21.59 x 1.35 x 27.94 cm,None,None,None,None,https://www.amazon.fr//Carnet-Chef-soi-m%C3%AAme-comporte-Recettes/dp/B08QSTG397/ref=sr_1_232?__mk_fr_FR=%C3%85M%C3%85%C5%BD%C3%95%C3%91&dchild=1&keywords=livre+recette+minceur&qid=1618672789&s=books&sr=1-232
176,"Le R√©gime de la Thyro√Øde: Comment booster votre √©nergie, perdre du poids et activer votre m√©tabolisme tout en maintenant l'√©quilibre hormonal","7,95","3,95",None,None,183,None,None,12.7 x 1.07 x 20.32 cm,None,None,"3,7",407,https://www.amazon.fr//R%C3%A9gime-Thyro%C3%AFde-m%C3%A9tabolisme-maintenant-l%C3%A9quilibre/dp/B087637DNL/ref=sr_1_233?__mk_fr_FR=%C3%85M%C3%85%C5%BD%C3%95%C3%91&dchild=1&keywords=livre+recette+minceur&qid=1618672789&s=books&sr=1-233
177,"Mes recettes pr√©f√©r√©es: Carnet de 100 recettes cuisine √† remplir | Livre de cuisine personnalisable √† faire soi-m√™me avec vos recettes de famille | ... de la cuisine, gourmets, cuisiniers, chefs ‚Ä¶","6,99",None,None,None,105,None,None,21.59 x 0.61 x 27.94 cm,None,None,None,None,https://www.amazon.fr//Mes-recettes-pr%C3%A9f%C3%A9r%C3%A9es-personnalisable-cuisiniers/dp/B08WZLYYYW/ref=sr_1_234?__mk_fr_FR=%C3%85M%C3%85%C5%BD%C3%95%C3%91&dchild=1&keywords=livre+recette+minceur&qid=1618672789&s=books&sr=1-234
178,"MES 100 RECETTES CUISINE MINCEUR DESSERTS - A compl√©ter, cuisiner et savourer: Livre de recettes √† √©crire soi-m√™me I Carnet & Cahier I Id√©e cadeau I","9,40",None,None,None,105,None,None,21.59 x 0.69 x 27.94 cm,None,None,None,None,https://www.amazon.fr//MES-RECETTES-CUISINE-MINCEUR-DESSERTS/dp/B08BWFVXZT/ref=sr_1_235?__mk_fr_FR=%C3%85M%C3%85%C5%BD%C3%95%C3%91&dchild=1&keywords=livre+recette+minceur&qid=1618672789&s=books&sr=1-235
179,MON CARNET DE RECETTES MINCEUR - GRAND FORMAT - 100 FICHES DE RECETTES A REMPLIR:: Livre de Cuisine Personnalisable: Cahier de Recettes √† Remplir - ... √† Remplir - Livre de Recettes √† Remplir,"4,99",None,None,None,100,None,None,21.59 x 0.58 x 27.94 cm,None,None,None,None,https://www.amazon.fr//MON-CARNET-RECETTES-MINCEUR-Personnalisable/dp/B086P9BG48/ref=sr_1_238?__mk_fr_FR=%C3%85M%C3%85%C5%BD%C3%95%C3%91&dchild=1&keywords=livre+recette+minceur&qid=1618672789&s=books&sr=1-238
180,Je√ªne Intermittent et R√©gime C√©tog√®ne: 2 livres en 1 pour perdre du poids rapidement et am√©liorer votre sant√© au quotidien avec 2 Plans de repas distincts de 28 jours + 38 Recettes br√ªle-graisses,"7,99","3,99",None,None,94,None,None,20.32 x 0.56 x 25.4 cm,None,None,"3,8",89,https://www.amazon.fr//Je%C3%BBne-Intermittent-R%C3%A9gime-C%C3%A9tog%C3%A8ne-br%C3%BBle-graisses/dp/B085RRTBYW/ref=sr_1_239?__mk_fr_FR=%C3%85M%C3%85%C5%BD%C3%95%C3%91&dchild=1&keywords=livre+recette+minceur&qid=1618672789&s=books&sr=1-239
181,Mon journal de suivi minceur: Cahier de suivi de r√©gime quotidien - carnet alimentation exercices et motivation - suivi perte de poids et mensurations - pour femmes,"7,99",None,None,None,100,None,None,21.59 x 0.58 x 27.94 cm,None,None,"5,0",4,https://www.amazon.fr//Mon-journal-suivi-minceur-alimentation/dp/B08BWFKDVM/ref=sr_1_240?__mk_fr_FR=%C3%85M%C3%85%C5%BD%C3%95%C3%91&dchild=1&keywords=livre+recette+minceur&qid=1618672789&s=books&sr=1-240
182,Recettes minceur - Tous en cuisine !,"4,99",None,None,None,192,None,None,None,None,None,"4,2",3,https://www.amazon.fr//Recettes-minceur-Tous-en-cuisine/dp/2263160043/ref=sr_1_242?__mk_fr_FR=%C3%85M%C3%85%C5%BD%C3%95%C3%91&dchild=1&keywords=livre+recette+minceur&qid=1618672789&s=books&sr=1-242
183,Deliciously Ella : ma cuisine express pour manger sain au quotidien: Batchcooking - Recettes en 10 √† 30 min max - Lunchbox - 100% vegane,"19,90",None,None,None,272,None,None,18.7 x 2.4 x 23 cm,None,None,"4,5",2,https://www.amazon.fr//Deliciously-Ella-quotidien-Batchcooking-Recettes/dp/250115827X/ref=sr_1_243?__mk_fr_FR=%C3%85M%C3%85%C5%BD%C3%95%C3%91&dchild=1&keywords=livre+recette+minceur&qid=1618672789&s=books&sr=1-243
184,"cahier minceur: cahier minceur pour 90 jours suivi de regime reequilibrage alimentaire , acompleter la motivation,recette, menu, ... et fitness pour perte de poids maigrir femme","5,99",None,None,None,None,None,None,None,None,None,None,None,https://www.amazon.fr//cahier-minceur-reequilibrage-alimentaire-acompleter/dp/B08YMPT2PN/ref=sr_1_452?__mk_fr_FR=%C3%85M%C3%85%C5%BD%C3%95%C3%91&dchild=1&keywords=livre+recette+minceur&qid=1618672805&s=books&sr=1-452
